시군구명,읍면동명,adm_cd,선거인수,투표수,새누리당,더불어민주당,국민의당,정의당,기독자유당,민주당,코리아,일제·위안부·인권정당,개혁국민신당,고용복지연금선진화연대,공화당,불교당,기독당,노동당,녹색당,민중연합당,복지국가당,친반통일당,통일한국당,한국국민당,한나라당,계,"무효
투표수",기권수
종로구,청운효자동,1101072,10747,7215,2338,1837,1679,759,92,20,4,5,1,1,3,2,21,48,262,21,7,0,3,4,18,7125,90,3532
종로구,사직동,1101053,8202,5284,1983,1180,1291,468,68,7,1,0,0,1,4,2,16,17,161,12,0,0,4,0,9,5224,60,2918
종로구,삼청동,1101054,2442,1518,577,337,327,152,17,5,0,0,0,0,1,2,3,8,52,5,0,0,0,0,4,1490,28,924
종로구,부암동,1101055,8450,5396,1851,1365,1166,604,69,12,2,1,2,1,1,8,12,26,182,11,1,0,3,0,11,5328,68,3054
종로구,평창동,1101056,15372,9779,3716,2202,2140,874,297,24,3,10,0,0,1,10,37,21,266,24,2,0,7,1,17,9652,127,5593
종로구,무악동,1101057,6433,4419,1447,1119,1158,411,61,16,1,3,2,0,0,4,13,14,93,7,1,2,0,0,6,4358,61,2014
종로구,교남동,1101058,3867,2193,689,649,518,149,59,11,1,1,0,5,0,1,5,6,39,4,0,0,1,1,10,2149,44,1674
종로구,가회동,1101060,4101,2724,928,713,594,264,30,9,1,3,1,2,0,6,7,14,91,6,0,1,2,3,6,2681,43,1377
종로구,종로1·2·3·4가동,1101061,7088,3511,1331,857,884,218,43,7,0,2,2,0,6,2,6,9,48,5,2,0,2,4,6,3434,77,3577
종로구,종로5·6가동,1101063,4984,2710,912,752,698,151,70,13,0,1,0,0,0,1,12,9,24,9,1,2,2,0,2,2659,51,2274
종로구,이화동,1101064,7473,4552,1183,1432,1155,467,71,17,3,3,1,5,1,0,12,16,99,19,2,1,0,0,3,4490,62,2921
종로구,혜화동,1101073,14789,9852,2643,2847,2489,1140,108,40,5,11,2,0,2,4,28,68,277,30,7,0,2,0,11,9714,138,4937
종로구,창신제1동,1101067,5068,2771,832,841,767,149,35,24,1,1,1,2,3,2,10,7,15,6,0,2,0,1,5,2704,67,2297
종로구,창신제2동,1101068,8386,4771,1289,1589,1380,196,71,34,3,4,1,4,1,5,17,15,25,11,4,0,2,3,9,4663,108,3615
종로구,창신제3동,1101069,6232,3993,1131,1221,1181,243,45,9,1,1,2,1,4,2,12,12,57,9,1,0,0,2,3,3937,56,2239
종로구,숭인제1동,1101070,5665,3274,992,1006,910,180,47,17,1,0,2,1,2,4,14,8,26,3,2,0,1,1,3,3220,54,2391
종로구,숭인제2동,1101071,8481,4557,1261,1466,1260,288,67,32,1,4,3,0,2,3,12,8,48,9,1,0,0,0,5,4470,87,3924
중구,소공동,1102052,1102,600,209,115,165,74,5,2,0,0,0,0,1,0,0,0,15,1,0,0,1,0,0,588,12,502
중구,회현동,1102054,4894,2236,926,373,652,110,45,15,4,2,1,0,2,3,6,5,15,9,0,0,2,1,5,2176,60,2658
중구,명동,1102055,2538,1243,475,259,341,70,26,6,0,1,0,0,0,0,3,1,29,3,1,1,0,0,3,1219,24,1295
중구,필동,1102057,3867,2276,766,454,714,163,24,12,0,3,3,1,7,4,5,3,34,11,1,1,3,2,4,2215,61,1591
중구,장충동,1102058,4413,2504,697,628,758,245,26,12,3,3,2,1,1,1,9,6,39,14,1,2,1,0,5,2454,50,1909
중구,광희동,1102059,4332,2244,892,369,731,133,33,7,0,0,0,0,0,1,8,4,11,5,0,0,0,0,4,2198,46,2088
중구,을지로동,1102060,1655,830,353,126,252,49,16,4,0,1,2,0,1,0,0,1,7,3,1,0,0,0,2,818,12,825
중구,신당동,1102069,6765,3479,1215,742,1121,178,40,22,2,1,0,0,1,5,11,6,23,18,0,2,1,4,6,3398,81,3286
중구,다산동,1102070,12804,7143,2142,1472,2418,509,131,47,5,4,5,2,1,7,36,16,65,42,4,0,2,0,11,6919,224,5661
중구,약수동,1102071,15499,9524,3017,1883,3175,748,168,57,5,8,3,3,4,3,37,19,100,28,8,0,6,5,14,9291,233,5975
중구,청구동,1102072,12570,7803,2471,1680,2500,576,117,37,2,6,3,8,2,2,19,17,88,43,3,1,1,4,12,7592,211,4767
중구,신당제5동,1102065,8378,4429,1337,905,1618,241,82,21,5,3,0,0,1,4,14,8,33,25,1,1,4,2,7,4312,117,3949
중구,동화동,1102073,9191,5618,1820,1111,1878,415,91,34,3,0,6,1,1,4,22,13,42,36,4,0,0,3,12,5496,122,3573
중구,황학동,1102067,10508,5460,1643,1180,1938,339,99,22,2,3,1,0,1,6,20,9,44,17,3,0,2,4,6,5339,121,5048
중구,중림동,1102068,7194,4217,1330,871,1380,354,58,22,5,1,3,2,2,1,16,11,57,8,4,1,7,2,5,4140,77,2977
중구,금호1가동,1103051,10907,6261,2009,1427,1913,452,149,27,7,3,1,2,2,5,29,7,53,29,2,0,2,2,11,6132,129,4646
중구,금호2·3가동,1103052,18222,10265,3149,2271,3393,743,179,48,5,6,3,6,2,8,36,12,83,48,7,0,3,6,16,10024,241,7957
중구,금호4가동,1103053,11797,6707,2045,1515,2166,558,117,38,3,0,2,1,2,6,32,7,63,29,4,0,4,4,12,6608,99,5090
중구,옥수동,1103071,18402,10908,3680,2402,3269,915,185,36,5,2,5,2,2,9,28,13,138,33,5,1,6,3,12,10751,157,7494
용산구,후암동,1103072,15435,8521,2515,2219,2271,846,170,44,4,3,7,2,1,7,31,20,134,43,1,0,6,1,15,8340,181,6914
용산구,용산2가동,1103057,9899,5563,1769,1342,1437,493,128,26,3,2,3,2,0,3,25,18,111,20,3,1,3,2,14,5405,158,4336
용산구,남영동,1103058,7542,3747,1184,886,1021,356,63,9,8,7,1,2,3,2,21,14,43,12,2,0,3,3,6,3646,101,3795
용산구,청파동,1103059,17497,9433,2578,2671,2468,829,251,64,4,10,5,5,8,7,60,30,130,58,2,1,1,3,14,9199,234,8064
용산구,원효로제1동,1103073,11103,6627,1973,1659,1881,683,132,25,4,1,2,1,1,4,32,12,78,23,1,0,3,1,6,6522,105,4476
용산구,원효로제2동,1103063,12062,7431,2350,1787,2045,722,167,30,4,3,3,1,3,5,33,11,84,25,3,1,1,1,9,7288,143,4631
용산구,효창동,1103064,7757,4814,1483,1186,1350,399,134,26,0,1,0,3,1,5,29,8,62,22,1,0,1,3,11,4725,89,2943
용산구,용문동,1103065,10284,6358,1892,1541,1874,579,153,22,6,7,2,0,1,6,37,16,62,19,3,1,3,2,14,6240,118,3926
용산구,한강로동,1103066,12605,6712,2617,1337,1800,511,142,10,0,3,4,0,6,4,29,7,87,19,0,0,5,4,15,6600,112,5893
용산구,이촌제1동,1103074,21282,13195,5542,2275,3557,1035,296,20,5,4,2,1,4,5,46,14,202,20,2,0,3,0,14,13047,148,8087
용산구,이촌제2동,1103069,7749,4897,1722,1020,1369,378,178,15,4,3,1,1,1,1,27,8,49,16,2,5,0,0,10,4810,87,2852
용산구,이태원제1동,1103070,6840,3388,1300,745,785,278,94,16,1,1,0,2,1,3,16,7,36,18,3,0,4,1,7,3318,70,3452
용산구,이태원제2동,1104059,8328,4447,1623,1063,1012,404,85,16,1,6,2,0,4,3,17,10,79,13,1,1,3,2,9,4354,93,3881
용산구,한남동,1104072,18070,8205,2892,1937,2049,701,139,43,2,6,3,2,7,6,35,17,122,30,0,1,1,4,15,8012,193,9865
용산구,서빙고동,1104062,10441,6267,2898,1029,1557,304,183,20,3,7,5,1,3,1,26,7,58,12,1,1,8,1,13,6138,129,4174
용산구,보광동,1104073,13984,7195,2551,1766,1815,468,137,45,4,9,1,3,6,2,34,15,92,28,4,0,9,4,11,7004,191,6789
성동구,응봉동,1104058,13123,8050,2568,2075,2260,663,177,13,0,5,7,1,0,0,35,8,74,20,3,0,0,2,7,7918,132,5073
성동구,성수1가제1동,1104065,13665,7592,2338,2028,1994,674,156,29,1,2,2,2,2,7,33,18,73,35,7,0,0,1,12,7414,178,6073
성동구,성수1가제2동,1104066,14296,8620,2522,2422,2304,820,141,34,6,6,2,2,3,7,22,20,86,21,7,1,1,1,18,8446,174,5676
성동구,성수2가제1동,1104067,16118,8338,2761,2091,2284,544,165,44,5,9,2,4,3,4,56,13,64,53,3,3,0,0,18,8126,212,7780
성동구,성수2가제3동,1104068,9981,5754,1909,1481,1529,437,148,22,3,3,4,3,1,4,30,10,40,14,1,0,3,3,12,5657,97,4227
성동구,왕십리도선동,1104071,16779,9755,3038,2626,2722,719,171,47,5,8,3,1,5,5,36,19,86,21,4,4,2,1,25,9548,207,7024
성동구,왕십리제2동,1104052,13216,7714,2181,2185,2219,604,113,43,3,4,5,2,3,4,29,22,63,24,3,0,3,6,12,7528,186,5502
성동구,행당제1동,1104056,12219,7317,2294,1950,2058,573,107,38,2,5,5,1,1,4,34,13,55,16,3,0,3,5,13,7180,137,4902
성동구,행당제2동,1104057,19798,12715,3697,3547,3518,1147,242,47,3,10,5,1,2,10,54,29,91,51,5,0,3,5,17,12484,231,7083
성동구,마장동,1104054,19728,11865,3807,3193,3122,934,211,54,7,6,2,2,4,10,41,19,95,40,9,1,2,3,17,11579,286,7863
성동구,사근동,1104055,9616,5657,1449,1660,1547,561,100,26,1,4,0,7,0,5,13,14,78,24,5,1,1,2,9,5507,150,3959
성동구,송정동,1104069,9614,5195,1580,1454,1412,349,107,40,3,2,2,6,0,5,28,11,33,17,4,0,3,0,10,5066,129,4419
성동구,용답동,1104070,13505,7241,2187,2058,2020,411,144,44,2,10,2,3,1,2,17,12,64,38,2,1,1,5,16,7040,201,6264
광진구,중곡제1동,1105055,13504,7282,2215,1825,2185,546,139,43,7,0,1,7,6,6,15,13,57,27,3,0,4,2,25,7126,156,6222
광진구,중곡제2동,1105056,18358,10038,2895,2625,3016,784,180,75,3,2,5,14,3,8,43,24,98,30,5,0,5,4,32,9851,187,8320
광진구,중곡제3동,1105057,14768,7836,2399,1953,2347,508,196,48,2,3,5,12,1,4,35,22,45,17,3,0,3,2,25,7630,206,6932
광진구,중곡제4동,1105058,25935,14516,4449,3570,4279,1036,389,94,2,4,3,15,4,11,96,36,118,40,7,2,8,7,57,14227,289,11419
광진구,능동,1105059,9625,5551,1490,1586,1521,560,93,24,1,4,3,8,2,5,17,10,82,11,0,0,2,2,10,5431,120,4074
광진구,구의제1동,1105060,19127,10596,2880,3044,2995,897,207,62,3,10,2,8,2,9,61,28,105,30,10,1,2,3,24,10383,213,8531
광진구,구의제2동,1105061,20287,11329,3384,2843,3283,915,266,62,2,8,5,12,2,5,60,25,110,41,6,3,1,7,48,11088,241,8958
광진구,구의제3동,1105062,23625,15178,4801,3787,4299,1320,327,61,6,19,4,2,4,12,55,24,148,35,6,0,11,2,16,14939,239,8447
광진구,광장동,1105063,25721,16552,4842,3814,5388,1632,269,47,6,2,3,26,2,12,53,31,192,38,11,0,5,2,19,16394,158,9169
광진구,자양제1동,1105064,19275,10726,3136,3006,2893,769,297,91,4,5,5,4,0,3,48,28,95,39,7,1,7,10,20,10468,258,8549
광진구,자양제2동,1105065,21610,12675,3830,3356,3661,901,354,89,3,17,2,9,3,8,46,19,98,27,4,1,2,2,24,12456,219,8935
광진구,자양제3동,1105066,23895,15874,4994,3907,4654,1293,336,71,3,5,4,7,5,9,55,26,170,45,5,4,3,3,25,15624,250,8021
광진구,자양제4동,1105067,19756,10575,3333,2720,3013,645,224,79,2,11,2,6,6,9,45,19,81,38,4,5,5,5,13,10265,310,9181
광진구,화양동,1105053,19224,9623,2303,3192,2476,852,202,70,7,13,3,5,1,7,46,31,116,36,5,1,2,3,20,9391,232,9601
광진구,군자동,1105054,17435,9593,2657,2701,2740,713,177,57,4,4,2,14,2,2,41,28,112,38,6,2,2,5,30,9337,256,7842
동대문구,용신동,1106081,27100,14296,4627,3722,3949,1023,230,70,4,11,8,6,6,11,38,29,120,39,6,1,7,3,26,13936,360,12804
동대문구,제기동,1106082,22441,12442,4202,2910,3462,960,237,51,4,9,5,4,3,2,51,28,117,23,5,1,8,0,21,12103,339,9999
동대문구,전농제1동,1106080,25078,13925,4610,3678,3624,892,275,93,2,15,4,3,5,12,59,35,106,76,5,7,7,7,36,13551,374,11153
동대문구,전농제2동,1106071,16612,10143,3366,2670,2710,718,215,73,4,5,2,1,4,2,40,13,65,57,1,2,2,3,16,9969,174,6469
동대문구,답십리제1동,1106072,20915,12192,3566,3345,3472,899,267,78,4,2,5,4,2,5,49,24,97,79,9,1,2,6,20,11936,256,8723
동대문구,답십리제2동,1106073,23498,14039,4443,3720,3852,902,337,99,4,11,5,2,4,8,49,25,79,89,2,2,5,7,37,13682,357,9459
동대문구,장안제1동,1106089,30891,16922,5252,4602,4663,1061,458,119,8,13,6,11,8,11,91,29,73,108,7,0,3,4,27,16554,368,13969
동대문구,장안제2동,1106090,25289,14583,4702,3846,4001,929,385,83,10,10,7,4,4,9,70,18,68,100,2,0,9,1,24,14282,301,10706
동대문구,청량리동,1106083,19617,11402,4409,2468,3011,710,217,42,1,8,4,6,5,11,37,25,73,25,3,0,4,3,17,11079,323,8215
동대문구,회기동,1106084,9655,6006,1579,1805,1438,730,98,17,2,6,0,1,1,2,17,31,131,28,2,0,0,0,7,5895,111,3649
동대문구,휘경제1동,1106091,11961,6446,2046,1655,1696,540,120,33,8,5,2,1,0,3,25,17,77,23,4,0,3,5,19,6282,164,5515
동대문구,휘경제2동,1106086,19930,12210,3582,3335,3355,1094,199,69,8,9,4,6,5,5,51,37,125,46,7,2,4,5,18,11966,244,7720
동대문구,이문제1동,1106087,24356,13489,4164,3313,3561,1302,327,62,0,11,6,6,4,6,83,43,198,43,8,0,9,7,27,13180,309,10867
동대문구,이문제2동,1106088,17686,10696,3209,2742,3083,945,223,45,2,7,2,5,1,3,48,22,94,45,6,2,3,4,16,10507,189,6990
중랑구,면목본동,1107071,30149,15484,4677,4565,4115,839,300,117,10,15,7,7,3,22,71,24,101,115,7,7,8,9,37,15056,428,14665
중랑구,면목제2동,1107052,22106,11120,3307,3216,3139,614,254,81,2,8,4,6,4,10,41,16,63,51,4,8,3,3,18,10852,268,10986
중랑구,면목제3·8동,1107072,23322,12251,3722,3560,3333,660,284,72,3,11,6,7,4,16,35,35,77,68,8,6,9,2,30,11948,303,11071
중랑구,면목제4동,1107054,18180,9985,2979,2831,2734,621,235,73,4,10,6,2,1,7,47,22,58,50,6,0,7,4,16,9713,272,8195
중랑구,면목제5동,1107055,9386,4782,1375,1368,1396,294,91,40,2,1,1,2,3,5,15,8,13,26,5,1,4,3,14,4667,115,4604
중랑구,면목제7동,1107057,19707,10600,3320,3074,2760,609,266,65,9,8,2,3,3,9,62,11,71,55,7,1,3,5,25,10368,232,9107
중랑구,상봉제1동,1107059,20177,11736,3556,3109,3245,833,344,70,7,7,5,3,2,8,62,26,91,55,6,0,9,7,19,11464,272,8441
중랑구,상봉제2동,1107060,16067,7803,2335,2222,2114,494,195,57,5,11,1,4,2,4,30,14,72,39,4,4,6,2,12,7627,176,8264
중랑구,중화제1동,1107061,17246,9932,3017,2695,2766,656,222,62,7,5,1,5,4,13,53,24,76,31,6,1,1,4,17,9666,266,7314
중랑구,중화제2동,1107062,24362,11890,3867,3087,3287,628,280,87,4,13,5,7,9,9,73,38,98,34,8,3,2,8,26,11573,317,12472
중랑구,묵제1동,1107064,27583,16325,4873,4237,4677,1233,464,88,11,18,5,12,6,14,83,36,132,51,10,3,6,9,26,15994,331,11258
중랑구,묵제2동,1107065,16180,8854,2725,2340,2447,612,240,54,6,7,3,3,5,6,49,24,68,34,7,3,5,2,18,8658,196,7326
중랑구,망우본동,1107073,27695,14589,5180,3493,3730,767,572,100,9,17,5,13,6,17,105,38,101,52,9,0,9,6,37,14266,323,13106
중랑구,망우제3동,1107068,15293,7661,2468,2068,2010,414,244,45,2,8,7,4,1,7,44,23,36,50,9,12,1,1,12,7466,195,7632
중랑구,신내제1동,1107069,31330,19319,5904,5002,5602,1229,631,115,12,17,12,4,4,25,109,40,129,79,11,4,3,6,36,18974,345,12011
중랑구,신내제2동,1107070,19790,12887,3692,3492,3531,1029,449,90,5,8,9,3,3,10,72,35,121,44,10,3,3,7,20,12636,251,6903
성북구,성북동,1108081,14696,8507,2644,2161,2152,875,128,32,3,5,6,3,2,6,25,35,206,47,3,1,2,1,9,8346,161,6189
성북구,삼선동,1108082,23038,13395,3789,3764,3625,1178,237,67,10,16,8,5,5,15,37,44,241,65,7,1,5,6,21,13146,249,9643
성북구,동선동,1108083,13909,7948,2027,2503,2021,751,136,44,1,5,3,1,1,7,28,26,113,81,13,0,1,1,9,7772,176,5961
성북구,돈암제1동,1108058,13530,8358,2389,2067,2540,778,210,33,7,6,3,0,3,6,38,24,96,32,1,0,3,2,11,8249,109,5172
성북구,돈암제2동,1108059,17563,11320,3348,2792,3207,1236,209,38,6,7,3,3,2,5,42,27,189,46,4,2,8,3,12,11189,131,6243
성북구,안암동,1108060,13666,7571,2053,2065,2047,801,103,35,3,7,3,4,1,3,32,20,157,41,1,0,2,4,10,7392,179,6095
성북구,보문동,1108061,12200,6335,1964,1649,1763,487,98,39,0,4,2,2,0,9,18,14,73,26,3,0,0,2,12,6165,170,5865
성북구,정릉제1동,1108062,14672,9137,2692,2386,2651,773,188,31,5,6,2,1,2,4,28,21,104,33,10,0,2,0,18,8957,180,5535
성북구,정릉제2동,1108063,19340,11050,3418,2774,3084,905,260,53,6,6,5,3,2,9,53,22,161,58,4,2,3,0,15,10843,207,8290
성북구,정릉제3동,1108064,13418,7167,2491,1746,1800,472,211,39,4,4,1,5,5,9,26,19,97,45,7,1,2,1,17,7002,165,6251
성북구,정릉제4동,1108065,21851,12618,3727,3256,3619,1074,288,55,6,7,8,2,6,10,58,31,145,62,8,0,7,0,23,12392,226,9233
성북구,길음제1동,1108066,27213,17700,4425,5208,5303,1733,378,66,8,9,11,2,3,9,48,29,151,68,6,1,7,3,9,17477,223,9513
성북구,길음제2동,1108068,12922,7109,2026,1820,2179,568,182,31,5,4,3,3,3,10,28,13,63,23,5,1,2,1,13,6983,126,5813
성북구,종암동,1108084,33015,19681,5367,5028,5790,2060,530,82,15,16,9,5,5,19,92,47,171,55,6,1,6,8,32,19344,337,13334
성북구,월곡제1동,1108071,22130,13140,3265,3633,4178,1033,362,71,12,7,6,6,5,12,64,22,91,52,11,2,1,9,15,12857,283,8990
성북구,월곡제2동,1108072,17046,9823,2808,2509,2852,846,276,66,3,8,1,7,1,7,60,28,103,33,9,0,4,1,12,9634,189,7223
성북구,장위제1동,1108076,18992,9373,2806,2296,2755,598,395,59,8,7,9,5,3,15,51,18,61,35,10,1,8,4,25,9169,204,9619
성북구,장위제2동,1108077,17018,8822,2780,1973,2459,541,588,68,4,11,5,5,3,10,53,16,45,15,11,1,5,1,22,8616,206,8196
성북구,장위제3동,1108078,10980,5809,1830,1250,1810,382,229,35,2,8,4,1,1,6,35,12,38,18,3,0,3,1,11,5679,130,5171
성북구,석관동,1108085,28743,15257,4747,3645,4434,1177,454,92,10,15,6,7,5,10,66,36,155,48,6,2,5,5,33,14958,299,13486
강북구,삼양동,1109069,23926,12108,3491,3327,3471,811,315,71,9,6,6,3,4,16,67,31,104,28,7,0,7,3,30,11807,301,11818
강북구,미아동,1109070,19985,10854,3124,3198,2912,745,263,76,6,6,4,3,6,9,50,28,100,37,3,1,5,2,24,10602,252,9131
강북구,송중동,1109071,24690,12985,3889,3656,3394,887,374,79,6,7,7,1,6,7,73,38,145,47,7,1,6,4,20,12654,331,11705
강북구,송천동,1109072,25343,13457,4166,3680,3727,825,313,97,14,9,8,4,6,6,71,26,83,30,3,1,7,6,35,13117,340,11886
강북구,삼각산동,1109073,25130,15595,3979,4410,4609,1553,331,88,5,6,4,10,6,5,56,38,149,54,9,1,4,4,21,15342,253,9535
강북구,번제1동,1109060,17098,8537,2679,2026,2682,516,163,45,7,10,4,2,5,11,28,22,66,33,6,0,1,5,14,8325,212,8561
강북구,번제2동,1109061,15289,8446,2623,2126,2496,448,253,41,5,4,2,1,4,4,53,22,56,37,4,3,4,5,16,8207,239,6843
강북구,번제3동,1109062,16319,9376,2956,2538,2397,583,323,55,6,6,4,5,6,5,47,19,51,17,11,0,8,5,30,9072,304,6943
강북구,수유제1동,1109063,18852,9490,2996,2333,2797,589,251,57,5,13,4,8,2,7,65,22,73,25,3,1,3,1,23,9278,212,9362
강북구,수유제2동,1109064,18663,10834,3773,2405,3095,692,309,65,6,8,5,3,1,8,50,24,78,19,8,0,7,4,27,10587,247,7829
강북구,수유제3동,1109065,20716,10910,3426,2681,3361,637,230,65,5,9,5,3,2,7,44,29,72,32,7,0,3,1,19,10638,272,9806
강북구,우이동,1109074,17845,9629,3413,2064,2617,688,254,48,3,6,4,5,5,10,46,36,128,36,4,1,16,5,20,9409,220,8216
강북구,인수동,1109075,27055,14190,4654,3273,4059,923,379,71,6,13,16,7,5,15,91,36,218,44,3,0,4,6,23,13846,344,12865
도봉구,쌍문1동,1110051,17961,9705,3100,2461,2623,722,246,48,7,7,9,3,1,5,53,19,102,36,8,3,1,0,23,9477,228,8256
도봉구,쌍문2동,1110052,17402,9490,3077,2290,2628,664,296,52,1,7,2,5,1,4,39,29,86,32,1,2,1,3,11,9231,259,7912
도봉구,쌍문3동,1110053,14785,7920,2477,2077,2277,531,156,48,2,4,3,0,2,5,30,13,58,33,6,2,4,3,12,7743,177,6865
도봉구,쌍문4동,1110054,16091,9795,3044,2423,2970,709,227,40,4,7,2,3,1,7,40,12,82,32,2,1,5,4,15,9630,165,6296
도봉구,방학1동,1110055,25294,14151,4754,3282,4238,875,325,70,12,9,5,2,2,13,80,25,96,32,7,1,6,7,17,13858,293,11143
도봉구,방학2동,1110056,18359,9457,3285,2152,2730,493,253,66,7,6,1,3,3,5,54,22,53,30,1,1,6,2,21,9194,263,8902
도봉구,방학3동,1110057,24062,14961,4645,3698,4343,1215,313,51,13,9,6,2,3,11,67,34,195,43,2,0,1,1,28,14680,281,9101
도봉구,창1동,1110059,21695,12980,3895,3459,3587,1202,226,68,4,12,7,1,2,5,44,38,114,37,5,0,4,4,16,12730,250,8715
도봉구,창2동,1110060,24893,13548,4139,3698,3832,863,299,94,4,11,8,4,2,11,47,30,98,53,8,0,7,3,25,13236,312,11345
도봉구,창3동,1110061,12770,6417,2050,1749,1709,364,176,61,3,5,4,7,1,2,29,16,38,22,2,1,4,1,13,6257,160,6353
도봉구,창4동,1110062,22692,14649,4186,3793,4376,1364,318,43,8,9,9,2,5,6,38,32,132,54,0,0,6,6,24,14411,238,8043
도봉구,창5동,1110063,21578,13248,4198,3354,3850,967,287,55,6,4,2,4,5,11,31,29,102,36,3,2,4,0,27,12977,271,8330
도봉구,도봉1동,1110064,19900,10918,4085,2328,2956,610,270,66,7,8,6,6,0,8,42,20,85,29,4,1,6,3,29,10569,349,8982
도봉구,도봉2동,1110065,24386,15048,4957,3376,4576,1056,360,49,9,10,8,7,4,16,62,30,134,30,11,3,4,4,19,14725,323,9338
노원구,월계1동,1111051,18699,11153,3438,2802,3289,810,296,49,5,6,7,2,5,15,43,29,66,30,5,1,3,4,20,10925,228,7546
노원구,월계2동,1111052,22413,12734,4096,3089,3643,802,397,65,6,9,11,4,6,5,60,41,75,39,10,1,8,14,25,12406,328,9679
노원구,월계3동,1111053,27053,17132,5154,4580,4927,1369,351,75,6,7,6,7,9,8,75,47,119,57,6,1,5,4,29,16842,290,9921
노원구,공릉1동,1111079,32341,19086,5372,5068,5781,1477,426,98,9,17,8,4,5,14,88,39,142,70,11,3,3,8,34,18677,409,13255
노원구,공릉2동,1111056,33268,20878,5924,5375,6351,1840,468,75,12,10,7,5,3,15,93,52,193,60,10,0,9,6,29,20537,341,12390
노원구,하계1동,1111058,23136,14333,4003,3638,4404,1174,326,78,6,3,9,6,4,5,53,46,129,45,6,2,1,4,23,13965,368,8803
노원구,하계2동,1111059,18995,12319,3136,3426,3933,1057,260,50,3,7,3,1,4,4,39,23,107,31,6,3,9,4,13,12119,200,6676
노원구,중계본동,1111060,20226,12667,3136,3121,4228,1122,448,53,3,7,4,0,2,11,77,20,140,50,0,1,2,4,13,12442,225,7559
노원구,중계1동,1111061,20193,13278,3126,3455,4568,1282,300,47,4,15,3,5,1,11,32,34,117,48,4,0,4,2,11,13069,209,6915
노원구,중계2·3동,1111078,31449,19533,5250,5421,5684,1517,569,103,9,15,12,7,11,16,79,47,149,55,19,1,17,9,41,19031,502,11916
노원구,중계4동,1111064,17494,10802,3041,2604,3442,791,341,70,6,7,5,2,4,4,58,22,92,33,2,2,4,1,24,10555,247,6692
노원구,상계1동,1111065,33715,21310,6077,3827,8178,1684,562,95,7,21,5,9,3,10,100,45,162,91,6,0,10,6,32,20930,380,12405
노원구,상계2동,1111066,17594,10627,3085,2030,3899,722,391,55,0,7,3,3,2,10,81,18,78,25,4,0,6,7,11,10437,190,6967
노원구,상계3·4동,1111076,25800,14829,4811,2365,5487,955,367,101,6,9,5,4,2,11,65,25,102,70,11,1,16,8,31,14452,377,10971
노원구,상계5동,1111069,22442,13468,4212,2300,4922,906,419,73,6,5,4,2,3,12,93,22,77,58,11,0,4,6,24,13159,309,8974
노원구,상계6·7동,1111077,27466,17316,4371,4272,5737,1650,616,49,8,8,4,3,3,8,67,52,162,51,7,1,5,2,19,17095,221,10150
노원구,상계8동,1111072,18201,12699,2947,2844,4874,1281,281,43,2,13,4,5,3,6,52,25,114,60,2,1,3,4,7,12571,128,5502
노원구,상계9동,1111073,17965,12246,3323,2360,4604,1166,298,49,4,6,3,1,4,5,73,20,113,39,5,0,4,0,14,12091,155,5719
노원구,상계10동,1111074,15397,10180,2767,2019,3909,866,226,40,2,7,5,2,3,2,29,20,100,38,1,3,4,1,9,10053,127,5217
은평구,녹번동,1112051,26622,14335,4252,3816,3803,1255,305,75,10,22,5,9,7,8,55,123,197,36,5,1,6,2,22,14014,321,12287
은평구,응암제1동,1112059,24037,12928,3711,3778,3333,1028,283,60,5,8,2,5,5,12,89,151,134,22,5,3,7,3,16,12660,268,11109
은평구,응암제2동,1112060,17017,8961,2570,2476,2368,822,219,53,0,1,3,3,2,9,48,90,88,17,4,0,1,2,7,8783,178,8056
은평구,응암제3동,1112073,22635,11629,3593,3130,3044,841,296,69,9,10,3,3,4,8,57,92,107,30,6,8,6,3,19,11338,291,11006
은평구,증산동,1112074,16078,9089,2714,2421,2371,809,272,40,6,5,1,1,2,3,52,79,113,22,4,1,5,3,16,8940,149,6989
은평구,수색동,1112065,13482,7769,2552,1988,1920,622,223,44,6,2,3,0,1,3,35,70,72,10,4,0,9,5,16,7585,184,5713
은평구,신사제1동,1112066,22969,13033,3525,3723,3449,1107,372,73,6,6,5,2,1,10,81,158,159,26,17,4,4,2,17,12747,286,9936
은평구,신사제2동,1112067,17353,9503,2746,2620,2440,785,326,51,3,6,2,3,4,4,68,116,112,29,5,1,2,2,16,9341,162,7850
은평구,갈현제2동,1112068,23997,12809,3222,3231,3806,1256,325,148,32,59,8,7,4,9,81,34,146,56,9,2,8,6,78,12527,282,11188
은평구,구산동,1112052,27087,14355,3714,3320,4259,1383,468,171,36,78,10,4,8,13,98,56,196,55,13,3,5,6,94,13990,365,12732
은평구,갈현제1동,1112072,21046,11220,2932,2746,3290,1034,357,126,25,41,6,7,3,12,75,29,115,49,9,2,5,3,82,10948,272,9826
은평구,진관동,1112055,38912,25420,5863,6009,7873,3567,656,179,29,67,6,10,4,12,131,68,345,108,10,2,17,8,98,25062,358,13492
은평구,불광제1동,1112056,34287,20009,5142,4778,6148,2187,458,156,41,63,7,7,6,19,101,50,239,75,15,3,4,8,125,19632,377,14278
은평구,불광제2동,1112057,24342,12843,3389,2929,3799,1164,445,134,40,75,6,2,6,20,90,54,124,52,7,0,13,7,130,12486,357,11499
은평구,대조동,1112058,27187,14104,3360,3669,4298,1304,368,143,32,96,8,12,2,10,80,40,149,58,15,2,1,6,94,13747,357,13083
은평구,역촌동,1112071,39751,20605,5601,5929,5331,1769,652,110,9,37,7,8,2,11,152,214,240,61,16,6,6,1,30,20192,413,19146
서대문구,충현동,1113073,15159,8413,2718,2174,2043,650,256,59,4,7,5,0,2,9,60,27,185,27,1,0,4,1,16,8248,165,6746
서대문구,천연동,1113052,15556,10109,3072,2694,2503,942,217,64,5,2,1,3,4,3,45,26,260,31,0,1,4,4,23,9904,205,5447
서대문구,북아현동,1113074,10084,6084,1836,1606,1531,528,174,54,3,2,1,3,0,8,26,15,130,16,3,1,2,2,21,5962,122,4000
서대문구,신촌동,1113075,15799,8327,2108,2563,1848,974,114,64,0,6,3,4,5,4,29,41,341,49,4,0,1,1,6,8165,162,7472
서대문구,연희동,1113076,31753,18861,5857,4933,4278,1950,458,120,6,13,8,4,5,10,92,70,584,51,2,3,4,4,27,18479,382,12892
서대문구,홍제제1동,1113062,19135,11979,3607,3234,3124,1017,270,81,1,6,6,1,6,6,73,35,203,24,3,1,5,5,18,11726,253,7156
서대문구,홍제제2동,1113065,12579,8382,2627,2198,2165,765,157,56,3,2,5,1,2,3,34,15,146,16,2,0,7,3,8,8215,167,4197
서대문구,홍제제3동,1113064,15663,9188,2751,2497,2445,721,198,56,4,1,5,2,6,3,42,21,118,50,7,1,2,6,14,8950,238,6475
서대문구,홍은제1동,1113066,19618,11913,3578,3118,3142,967,337,56,10,11,4,2,7,7,56,48,166,57,6,0,2,4,31,11609,304,7705
서대문구,홍은제2동,1113068,23732,13384,4082,3669,3394,1124,336,67,4,10,8,4,4,7,55,38,213,44,7,0,8,4,20,13098,286,10348
서대문구,남가좌제1동,1113069,10514,7000,1898,1958,1946,757,140,28,4,3,4,3,0,5,26,10,83,14,1,0,0,2,1,6883,117,3514
서대문구,남가좌제2동,1113070,21745,12780,3781,3654,3095,1168,342,65,2,5,4,6,4,8,69,38,151,39,4,1,4,6,19,12465,315,8965
서대문구,북가좌제1동,1113071,15498,9877,2780,2602,2731,946,307,39,2,5,6,4,1,6,59,23,120,39,5,1,4,1,15,9696,181,5621
서대문구,북가좌제2동,1113072,27557,15595,4363,4333,4190,1341,452,97,14,7,9,1,5,14,99,53,163,61,5,1,4,9,25,15246,349,11962
마포구,공덕동,1114077,31171,18202,5336,4935,4928,1533,414,138,7,12,5,7,1,15,77,45,217,45,48,2,7,5,35,17812,390,12969
마포구,아현동,1114078,22793,14397,4325,3781,3841,1433,252,86,6,10,4,2,1,8,63,37,202,39,29,0,4,1,13,14137,260,8396
마포구,도화동,1114075,18994,12494,3912,3277,3368,1075,215,61,7,8,1,2,7,10,37,30,167,25,34,0,4,2,20,12262,232,6500
마포구,용강동,1114059,16685,11164,3362,3104,2895,1056,237,52,5,4,0,3,2,10,39,28,131,21,38,2,4,3,12,11008,156,5521
마포구,대흥동,1114060,11492,6336,1737,1856,1533,625,90,53,3,3,4,4,3,6,25,29,159,16,20,0,2,2,13,6183,153,5156
마포구,염리동,1114061,11829,6688,2007,1794,1631,641,153,54,2,6,3,5,1,2,32,20,114,25,23,0,2,0,14,6529,159,5141
마포구,신수동,1114063,16229,10459,3069,2786,2606,1117,247,71,2,2,0,0,4,9,61,34,180,22,38,1,2,3,15,10269,190,5770
마포구,서강동,1114076,20779,12923,3503,3449,3414,1567,245,43,3,8,3,3,2,8,33,86,299,42,10,0,8,1,13,12740,183,7856
마포구,서교동,1114066,23017,13039,3262,3690,3129,1759,204,58,2,8,4,3,4,9,40,132,435,38,10,0,9,1,12,12809,230,9978
마포구,합정동,1114068,15922,9250,2450,2473,2308,1165,176,47,4,13,4,2,1,6,37,107,265,27,7,0,2,0,13,9107,143,6672
마포구,망원1동,1114069,18565,10808,2780,2970,2696,1280,237,84,5,10,5,5,4,12,48,120,258,27,10,1,1,1,20,10574,234,7757
마포구,망원2동,1114070,16302,10051,2712,2667,2684,1055,294,76,7,2,4,2,3,6,68,89,180,27,6,0,3,4,12,9901,150,6251
마포구,연남동,1114071,15409,9065,2343,2427,2169,1269,178,45,6,10,3,4,4,2,50,81,261,24,3,2,2,1,12,8896,169,6344
마포구,성산1동,1114072,16799,9444,2395,2423,2380,1215,205,59,3,4,5,2,1,14,51,106,382,31,5,1,2,2,11,9297,147,7355
마포구,성산2동,1114073,30741,19171,4978,5074,5256,2239,517,96,13,17,9,6,4,6,108,104,283,67,11,3,4,7,23,18825,346,11570
마포구,상암동,1114074,24179,15754,3898,4258,4492,1981,350,83,11,12,5,4,3,5,59,70,238,47,8,1,5,3,12,15545,209,8425
양천구,목1동,1115051,23553,15021,4437,3731,4611,1415,260,39,12,7,8,5,5,2,34,28,183,35,6,0,16,1,12,14847,174,8532
양천구,목2동,1115052,25249,14906,4057,4212,4163,1299,402,63,6,17,5,4,8,9,75,44,204,43,12,0,3,4,22,14652,254,10343
양천구,목3동,1115053,17512,9780,2987,2551,2637,739,308,64,4,9,4,6,6,4,70,21,126,44,10,0,3,2,11,9606,174,7732
양천구,목4동,1115054,20944,12031,3254,3383,3398,1060,324,56,7,9,5,5,2,9,74,39,124,51,7,1,1,3,19,11831,200,8913
양천구,목5동,1115071,31233,21020,6389,4780,6661,2144,283,43,6,14,4,7,6,10,57,49,285,45,1,3,7,2,12,20808,212,10213
양천구,신월1동,1115057,19416,9842,3100,2483,2844,529,312,71,2,6,7,6,4,8,85,25,53,24,5,2,8,3,14,9591,251,9574
양천구,신월2동,1115058,18325,10872,3342,2759,3130,658,379,53,3,2,8,4,2,5,89,24,74,34,7,0,2,5,20,10600,272,7453
양천구,신월3동,1115059,14433,7097,2193,1796,1999,440,229,47,7,7,2,3,6,4,49,18,37,15,3,1,7,5,16,6884,213,7336
양천구,신월4동,1115060,15508,9532,2927,2531,2738,540,304,59,4,7,4,6,2,3,66,19,58,22,3,0,1,4,14,9312,220,5976
양천구,신월5동,1115061,13214,7549,2370,1875,2112,508,260,43,3,8,2,6,3,3,59,17,49,31,6,0,5,1,17,7378,171,5665
양천구,신월6동,1115062,9410,5285,1638,1348,1446,321,231,28,4,8,0,3,1,4,41,12,31,18,4,1,5,3,8,5155,130,4125
양천구,신월7동,1115063,19210,11156,3332,2878,3151,700,432,66,9,7,8,5,4,12,81,24,84,32,5,1,3,4,13,10851,305,8054
양천구,신정1동,1115064,13381,8772,2680,2100,2605,877,181,22,6,4,3,1,3,8,27,19,89,21,1,0,4,2,5,8658,114,4609
양천구,신정2동,1115065,16568,10394,2707,2846,3188,917,246,38,6,11,4,0,4,10,35,20,122,24,2,0,6,2,15,10203,191,6174
양천구,신정3동,1115066,40676,24203,6596,6441,6961,2028,929,109,14,29,10,8,4,15,187,69,195,79,8,3,17,11,34,23747,456,16473
양천구,신정4동,1115072,28912,16185,4648,4233,4793,1171,456,70,7,8,5,4,5,11,97,37,166,55,8,1,2,7,25,15809,376,12727
양천구,신정6동,1115069,19121,13171,3905,3197,3969,1408,225,35,3,6,5,4,3,9,29,24,169,36,3,0,4,1,5,13040,131,5950
양천구,신정7동,1115070,24338,15319,4689,3916,4262,1282,416,59,4,7,7,7,2,9,91,41,169,50,13,1,12,6,26,15069,250,9019
강서구,염창동,1116051,31049,20537,5166,5669,6201,2263,415,62,7,7,6,6,5,8,86,46,200,63,7,2,4,3,27,20253,284,10512
강서구,등촌제1동,1116052,18183,10577,2743,3025,2964,1100,247,43,6,2,2,3,0,5,44,34,110,26,5,0,5,1,8,10373,204,7606
강서구,등촌제2동,1116053,17332,10420,3161,2612,2975,922,291,42,5,12,3,6,4,9,44,21,133,28,2,0,7,2,14,10293,127,6912
강서구,등촌제3동,1116054,28742,17698,5523,4598,4625,1374,570,87,8,15,12,7,4,9,105,32,147,44,17,0,14,7,46,17244,454,11044
강서구,화곡본동,1116055,28770,14299,3740,4031,4045,1367,383,109,13,14,7,7,6,13,98,31,118,44,8,0,6,3,25,14068,231,14471
강서구,화곡제1동,1116073,43605,22311,6157,5754,6513,1679,639,527,22,23,12,14,5,16,127,54,213,54,11,1,10,4,38,21873,438,21294
강서구,화곡제2동,1116057,15786,8094,2152,2191,2290,629,250,196,7,12,3,6,1,9,56,17,64,27,7,0,4,1,19,7941,153,7692
강서구,화곡제3동,1116058,19421,12023,3894,2823,3345,885,327,212,8,10,6,5,5,4,76,32,127,34,9,1,5,2,15,11825,198,7398
강서구,화곡제4동,1116059,18829,9501,2826,2385,2775,749,287,67,8,13,0,7,2,4,65,17,73,15,7,0,3,3,17,9323,178,9328
강서구,화곡제6동,1116061,20903,11862,3784,2948,3246,974,357,62,7,3,6,6,2,7,78,12,117,21,4,4,6,1,23,11668,194,9041
강서구,화곡제8동,1116063,22054,12109,3186,3218,3496,977,358,297,6,11,7,3,5,8,61,44,107,44,12,2,11,3,19,11875,234,9945
강서구,우장산동,1116074,34723,21649,6418,5408,6322,1926,495,248,10,15,5,14,9,23,140,61,193,67,10,2,4,3,21,21394,255,13074
강서구,가양제1동,1116064,19629,12356,3674,3443,3439,1045,276,40,4,8,3,2,1,5,53,32,121,25,7,1,1,7,11,12198,158,7273
강서구,가양제2동,1116065,14892,9040,3105,2180,2251,599,340,48,6,9,7,3,5,7,53,18,77,31,6,1,5,2,22,8775,265,5852
강서구,가양제3동,1116066,14822,8986,2636,2394,2339,782,325,47,4,8,6,5,5,3,45,23,67,27,5,0,12,5,25,8763,223,5836
강서구,발산제1동,1116067,28887,18147,4535,4987,5309,1611,594,322,14,18,5,6,6,20,134,53,148,72,13,2,14,3,22,17888,259,10740
강서구,공항동,1116069,16884,8703,2867,2360,2304,486,233,39,2,6,9,4,4,10,46,19,54,27,2,1,8,3,19,8503,200,8181
강서구,방화제1동,1116070,33916,21053,6361,5605,5918,1656,643,70,6,15,8,8,2,14,118,41,164,54,6,2,5,4,26,20726,327,12863
강서구,방화제2동,1116071,20415,11352,4079,2738,2806,722,361,56,5,6,5,5,4,8,60,23,91,40,6,2,7,4,21,11049,303,9063
강서구,방화제3동,1116072,21700,13671,4462,3515,3517,1031,409,57,3,11,6,6,4,12,72,37,127,33,3,1,3,6,33,13348,323,8029
구로구,신도림동,1117051,28916,19543,5720,5190,5621,1891,305,77,4,7,10,5,2,10,78,49,231,69,5,1,10,1,17,19303,240,9373
구로구,구로제1동,1117052,16984,11421,2922,3467,3208,1092,219,52,9,7,1,3,0,10,53,28,94,78,7,0,8,2,12,11272,149,5563
구로구,구로제2동,1117071,24166,12617,4087,3346,3328,737,289,98,8,5,4,2,3,5,61,29,67,75,7,1,2,5,24,12183,434,11549
구로구,구로제3동,1117054,22456,13418,2920,4385,3860,1388,195,85,7,12,5,3,1,11,34,32,109,103,5,0,3,3,16,13177,241,9038
구로구,구로제4동,1117055,20146,11230,3116,3231,3208,753,207,93,6,12,6,4,4,5,41,20,88,66,11,2,11,10,27,10921,309,8916
구로구,구로제5동,1117056,26034,15630,4207,4493,4355,1347,369,77,4,12,6,8,3,14,65,37,148,151,17,0,8,5,20,15346,284,10404
구로구,가리봉동,1117070,9597,4356,1431,1158,1111,223,132,31,3,10,2,1,0,2,20,8,22,22,2,2,5,4,10,4199,157,5241
구로구,고척제1동,1117061,20154,12441,3995,3378,3200,994,291,56,7,6,2,0,2,9,56,21,88,68,8,0,10,2,20,12213,228,7713
구로구,고척제2동,1117062,23486,14082,4268,3829,3672,1207,380,96,11,6,2,4,8,8,71,31,103,51,8,0,3,3,31,13792,290,9404
구로구,개봉제1동,1117072,28163,16687,5333,4457,4307,1190,583,74,4,0,1,6,6,10,94,26,118,81,10,1,6,9,33,16349,338,11476
구로구,개봉제2동,1117064,27625,17932,5509,4888,4762,1473,489,107,3,9,4,3,1,13,95,27,122,57,6,1,6,4,24,17603,329,9693
구로구,개봉제3동,1117065,17605,10183,3036,2827,2783,783,312,44,8,2,6,1,4,3,45,9,44,48,8,7,3,4,18,9995,188,7422
구로구,오류제1동,1117067,17824,10770,3079,2797,2483,931,922,52,7,5,5,2,3,10,74,24,80,49,2,0,3,4,12,10544,226,7054
구로구,오류제2동,1117068,34071,21286,6145,5701,5266,2253,865,107,7,9,9,2,1,9,105,47,193,133,7,3,14,4,31,20911,375,12785
구로구,수궁동,1117069,20266,12665,3376,2967,2709,1024,1952,67,1,7,6,4,3,8,97,45,104,62,5,0,6,3,18,12464,201,7601
금천구,가산동,1118051,17334,9143,2208,2934,2630,746,162,58,9,5,3,9,2,2,23,23,69,30,6,1,7,2,17,8946,197,8191
금천구,독산제1동,1118052,25878,14238,3725,3926,4226,1120,440,85,4,8,6,4,6,4,88,34,106,48,8,0,13,7,25,13883,355,11640
금천구,독산제2동,1118053,17719,8798,2620,2231,2592,533,291,70,6,6,10,5,0,14,48,21,69,25,5,0,5,6,18,8575,223,8921
금천구,독산제3동,1118054,22671,11420,3283,3034,3451,698,321,93,4,11,5,7,3,9,50,28,80,27,12,0,4,3,31,11154,266,11251
금천구,독산제4동,1118055,15214,7770,2260,1948,2361,457,265,57,3,9,5,4,3,6,70,16,59,27,7,1,3,3,11,7575,195,7444
금천구,시흥제1동,1118057,29362,16031,4860,3841,4786,1057,615,101,7,7,11,2,10,14,88,41,110,62,10,4,3,9,50,15688,343,13331
금천구,시흥제2동,1118058,18869,12047,3382,2922,3742,927,420,58,7,13,6,4,3,8,74,22,104,53,4,2,6,5,34,11796,251,6822
금천구,시흥제3동,1118059,10366,6075,1925,1464,1746,372,184,41,8,5,2,0,4,7,34,12,51,17,0,1,1,2,21,5897,178,4291
금천구,시흥제4동,1118060,18821,10342,3160,2502,3049,616,401,68,3,10,5,4,3,10,74,23,69,22,10,3,5,10,24,10071,271,8479
금천구,시흥제5동,1118061,18496,10287,3243,2412,2978,605,383,63,10,13,7,1,3,8,70,33,50,33,10,3,2,5,39,9971,316,8209
영등포구,영등포본동,1119073,19312,11693,3671,2957,3224,1003,281,43,4,9,5,2,2,7,55,33,97,41,4,1,10,4,17,11470,223,7619
영등포구,영등포동,1119074,16828,8550,2751,2197,2234,797,161,43,4,4,5,3,1,5,25,13,68,33,4,0,3,1,9,8361,189,8278
영등포구,여의동,1119054,26603,16421,6919,2922,4394,1239,387,33,2,10,3,4,6,7,48,30,187,42,4,1,13,0,13,16264,157,10182
영등포구,당산제1동,1119055,17823,11095,3358,2909,2858,1243,195,61,5,4,4,1,8,7,44,18,139,36,6,0,2,7,21,10926,169,6728
영등포구,당산제2동,1119056,29153,18866,5503,5072,5010,2167,305,72,2,13,8,1,4,15,46,53,278,43,3,4,5,1,11,18616,250,10287
영등포구,도림동,1119075,16692,9352,2829,2570,2409,828,190,54,7,3,2,2,3,7,44,20,71,44,2,2,8,4,22,9121,231,7340
영등포구,문래동,1119076,24533,16555,5030,4282,4424,1855,310,55,8,9,4,2,3,9,55,35,161,55,6,2,8,0,11,16324,231,7978
영등포구,양평제1동,1119061,13914,8663,2479,2373,2252,956,177,41,2,3,3,4,2,3,22,32,89,25,2,0,3,2,14,8484,179,5251
영등포구,양평제2동,1119062,17274,11272,3115,3175,2998,1341,158,39,3,5,6,6,4,4,37,32,123,23,4,1,1,1,12,11088,184,6002
영등포구,신길제1동,1119063,16541,8835,2690,2156,2565,675,248,44,4,2,5,4,3,8,46,24,75,46,6,1,7,3,15,8627,208,7706
영등포구,신길제3동,1119065,13153,7509,2603,1859,1960,512,211,46,1,5,2,3,2,3,42,13,44,13,4,1,5,3,17,7349,160,5644
영등포구,신길제4동,1119066,9853,5491,1760,1339,1547,350,153,44,4,6,0,2,5,2,25,17,42,27,3,0,4,5,11,5346,145,4362
영등포구,신길제5동,1119067,12195,6573,2065,1571,1951,401,165,60,2,3,1,1,4,3,50,9,33,28,4,0,10,2,15,6378,195,5622
영등포구,신길제6동,1119068,17836,10500,3151,2595,3174,828,236,54,5,5,3,4,1,9,44,24,86,62,5,2,13,3,22,10326,174,7336
영등포구,신길제7동,1119069,10447,6431,2235,1366,1901,483,130,26,2,6,5,1,3,6,38,12,70,31,4,0,2,1,12,6334,97,4016
영등포구,대림제1동,1119070,12728,6883,2073,1658,2173,395,162,52,6,9,4,4,4,8,36,13,42,29,4,0,22,0,15,6709,174,5845
영등포구,대림제2동,1119071,12272,6419,1890,1563,2052,325,167,50,2,6,4,7,3,6,35,11,37,22,2,1,5,2,15,6205,214,5853
영등포구,대림제3동,1119072,21414,12658,3527,3225,3999,916,334,59,12,13,3,6,3,6,89,21,108,66,6,0,11,2,28,12434,224,8756
동작구,노량진제1동,1120072,26569,16358,4717,4022,4839,1538,335,67,4,12,8,3,2,4,71,32,372,71,2,0,4,3,12,16118,240,10211
동작구,노량진제2동,1120052,13099,7498,2225,1814,2116,550,251,27,2,5,4,3,2,5,29,23,212,53,7,1,6,1,9,7345,153,5601
동작구,상도제1동,1120053,37690,23991,7011,5812,7010,2598,454,75,7,12,7,6,4,13,88,47,310,106,2,2,12,4,20,23600,391,13699
동작구,상도제2동,1120054,20281,12240,3543,2999,3688,1049,228,43,4,8,2,7,4,7,55,24,295,63,4,1,4,1,11,12040,200,8041
동작구,상도제3동,1120055,21263,12567,3424,3348,3748,897,315,52,7,6,4,2,4,12,69,25,323,84,5,1,7,0,21,12354,213,8696
동작구,상도제4동,1120056,23463,12823,3572,3298,3725,1016,354,69,3,7,1,5,3,12,65,33,308,72,0,3,5,4,18,12573,250,10640
동작구,흑석동,1120071,27520,16630,5686,3427,4801,1613,285,60,2,11,2,8,6,9,66,28,171,49,4,1,1,3,25,16258,372,10890
동작구,사당제1동,1120063,19921,11970,3237,3075,3620,1213,245,44,1,6,2,1,2,3,54,21,139,37,4,1,10,5,21,11741,229,7951
동작구,사당제2동,1120073,24981,15914,5028,3431,4862,1611,297,57,8,7,4,4,5,9,67,27,146,52,3,4,10,3,17,15652,262,9067
동작구,사당제3동,1120065,19578,12638,3959,2767,4010,1075,264,37,2,3,14,4,1,7,60,14,122,43,1,3,7,2,15,12410,228,6940
동작구,사당제4동,1120066,12642,8070,2262,1905,2552,797,175,29,4,3,4,4,0,2,45,19,74,27,2,2,4,3,11,7924,146,4572
동작구,사당제5동,1120067,10871,6838,1920,1625,2059,715,196,27,1,4,5,0,0,5,36,12,63,29,4,0,1,0,12,6714,124,4033
동작구,대방동,1120068,30134,18469,5125,4515,5571,1676,464,65,8,17,8,4,10,10,95,46,443,99,6,1,7,4,20,18194,275,11665
동작구,신대방제1동,1120069,19328,12003,3679,2807,3611,1025,238,41,4,2,5,4,1,1,66,23,243,62,4,2,15,1,13,11847,156,7325
동작구,신대방제2동,1120070,16607,10199,2953,2496,3046,872,236,28,4,5,7,4,3,7,60,12,238,49,1,0,14,1,15,10051,148,6408
관악구,보라매동,1121052,21184,11946,3100,2901,3929,1001,351,79,5,7,8,2,6,8,66,27,130,60,10,0,6,2,15,11713,233,9238
관악구,은천동,1121078,28718,17277,4122,4320,5776,1705,425,112,4,14,5,5,3,6,100,31,190,74,5,1,13,8,25,16944,333,11441
관악구,성현동,1121079,26477,16907,4240,4087,5758,1564,393,72,7,11,3,2,2,9,76,34,165,85,6,3,14,7,18,16556,351,9570
관악구,중앙동,1121061,12822,7186,1495,2095,2400,640,149,51,4,9,3,3,1,4,29,16,86,35,2,1,2,1,6,7032,154,5636
관악구,청림동,1121054,13289,8798,2185,2219,2923,917,176,35,3,3,1,3,0,9,40,16,85,39,5,1,1,4,10,8675,123,4491
관악구,행운동,1121057,25499,15363,3227,4426,4919,1611,289,64,5,17,4,5,0,6,60,38,240,89,8,1,13,3,16,15041,322,10136
관악구,청룡동,1121080,24648,13932,2876,4064,4438,1477,312,50,4,20,7,4,5,5,66,37,218,72,11,3,10,7,28,13714,218,10716
관악구,낙성대동,1121058,14769,8982,1657,2549,2833,1175,245,32,5,5,6,3,1,7,29,37,191,51,7,1,4,0,17,8855,127,5787
관악구,인헌동,1121062,23196,13978,3018,3708,4446,1624,374,65,4,15,7,3,3,10,74,48,198,91,1,1,10,5,11,13716,262,9218
관악구,남현동,1121063,15218,9037,2386,2358,2821,857,200,29,3,8,0,5,2,8,43,17,114,35,5,0,2,0,16,8909,128,6181
관악구,신림동,1121069,18301,9205,1716,3161,2736,921,115,59,7,7,0,4,3,6,31,31,126,80,3,0,4,2,12,9024,181,9096
관악구,신사동,1121068,20014,10674,3031,2853,3135,838,218,89,6,9,6,5,5,9,57,24,93,63,10,1,6,2,18,10478,196,9340
관악구,조원동,1121072,15472,8517,2519,2220,2527,593,180,61,6,4,4,1,4,4,37,15,81,65,4,2,0,1,7,8335,182,6955
관악구,미성동,1121083,27195,16041,5313,3745,4723,990,381,114,7,14,4,5,3,12,92,20,124,118,9,2,11,6,21,15714,327,11154
관악구,난곡동,1121081,24858,13672,4454,3170,3997,840,358,133,11,7,4,9,3,7,98,26,73,113,2,1,9,4,26,13345,327,11186
관악구,난향동,1121071,13296,8239,2373,2054,2443,708,210,47,1,3,6,5,7,5,53,13,57,80,3,1,8,3,9,8089,150,5057
관악구,서원동,1121064,20218,11030,2802,3082,3172,995,238,142,3,13,4,2,5,5,57,29,121,117,9,1,6,3,21,10827,203,9188
관악구,신원동,1121065,16112,8830,2526,2424,2410,654,173,121,2,9,2,1,2,6,54,25,79,80,6,0,2,5,17,8598,232,7282
관악구,서림동,1121066,21049,12005,3054,3188,3452,1315,240,93,10,8,4,4,1,13,58,34,158,103,3,2,2,4,16,11762,243,9044
관악구,삼성동,1121082,23297,14220,4338,3300,4213,1055,345,152,4,14,9,5,6,10,98,21,120,123,9,2,7,6,23,13860,360,9077
관악구,대학동,1121073,20293,11977,2814,3176,3288,1778,198,72,4,10,7,3,5,10,47,41,187,125,5,0,4,2,12,11788,189,8316
서초구,서초1동,1122051,16838,9618,3529,2077,2666,748,210,29,1,14,1,0,4,5,38,15,138,24,3,1,0,1,6,9510,108,7220
서초구,서초2동,1122052,16472,9463,3653,1923,2627,724,154,14,6,7,1,3,2,2,28,21,147,23,4,1,7,0,8,9355,108,7009
서초구,서초3동,1122053,24267,13697,5157,2716,3840,1107,341,29,8,7,4,2,4,14,57,30,176,35,1,0,5,3,12,13548,149,10570
서초구,서초4동,1122054,21054,12405,5245,2227,3471,832,236,20,1,5,9,1,5,10,27,20,146,17,5,2,1,0,15,12295,110,8649
서초구,잠원동,1122055,25417,14537,5622,2965,3928,1252,200,31,5,10,3,5,9,14,35,22,208,20,8,1,5,0,16,14359,178,10880
서초구,반포본동,1122056,9375,5916,2459,1008,1641,513,81,9,1,1,0,2,0,1,14,8,96,13,1,0,0,0,4,5852,64,3459
서초구,반포1동,1122057,23648,11817,4399,2575,3293,932,174,19,9,9,4,2,2,7,42,15,144,27,5,1,4,0,13,11676,141,11831
서초구,반포2동,1122058,14071,8755,3780,1400,2546,605,125,16,2,6,1,1,3,4,24,11,104,9,0,0,2,0,11,8650,105,5316
서초구,반포3동,1122059,15297,9278,3670,1779,2637,718,148,15,2,4,5,8,1,1,27,16,104,19,3,0,8,1,7,9173,105,6019
서초구,반포4동,1122060,15271,8752,3389,1646,2430,753,195,20,3,6,1,1,2,2,27,15,114,16,3,1,3,2,5,8634,118,6519
서초구,방배본동,1122061,16635,9840,3782,1907,2735,742,260,20,7,3,5,0,0,7,47,14,137,19,3,0,3,0,9,9700,140,6795
서초구,방배1동,1122062,13905,8151,2744,1871,2293,689,214,26,3,5,7,3,2,7,39,13,95,22,3,1,3,0,9,8049,102,5754
서초구,방배2동,1122063,22495,13272,4267,2966,3919,1057,414,40,9,9,6,6,4,14,75,27,171,34,10,1,1,3,21,13054,218,9223
서초구,방배3동,1122064,19154,11408,4171,2212,3275,894,337,29,1,4,9,4,5,12,52,22,173,25,4,2,9,1,13,11254,154,7746
서초구,방배4동,1122065,20052,11884,4071,2594,3362,1041,333,40,5,3,6,1,4,7,52,22,141,22,3,1,5,0,11,11724,160,8168
서초구,양재1동,1122066,35228,20901,6182,5151,5920,2074,588,75,8,8,11,9,6,13,106,49,292,51,10,1,11,4,26,20595,306,14327
서초구,양재2동,1122067,19131,10547,2984,2933,2886,1017,234,31,4,10,5,2,5,6,36,17,161,25,4,1,5,0,21,10387,160,8584
서초구,내곡동,1122068,14158,8569,2879,1969,2410,696,237,20,3,4,0,0,3,8,46,25,97,22,2,0,4,3,14,8442,127,5589
강남구,신사동,1123051,14828,7771,3574,1371,1962,434,127,16,2,8,2,2,2,2,20,8,112,9,2,1,2,1,7,7664,107,7057
강남구,논현1동,1123052,21884,8940,2975,2351,2241,756,203,35,5,7,6,0,2,3,24,15,124,18,2,1,6,2,13,8789,151,12944
강남구,논현2동,1123053,19064,8890,3498,1981,2181,666,150,23,3,3,4,1,7,4,28,27,115,24,7,3,10,1,8,8744,146,10174
강남구,압구정동,1123077,22440,12124,6429,1595,2880,622,171,22,3,10,6,4,6,11,25,9,160,9,2,1,2,0,10,11977,147,10316
강남구,청담동,1123078,24510,12473,5372,2280,3294,821,220,21,5,14,5,0,6,7,29,15,152,28,2,2,3,3,16,12295,178,12037
강남구,삼성1동,1123058,11995,6359,2767,1137,1686,451,106,7,1,6,2,3,4,5,24,15,64,10,3,0,3,0,6,6300,59,5636
강남구,삼성2동,1123059,23864,12114,4524,2610,3299,1069,186,23,8,4,8,11,2,5,23,28,137,17,3,0,8,2,23,11990,124,11750
강남구,대치1동,1123060,16660,10232,4442,1523,3060,684,153,22,6,3,2,2,0,7,19,17,150,19,7,0,8,0,16,10140,92,6428
강남구,대치2동,1123079,31136,18490,7377,3188,5492,1393,313,34,4,11,3,14,8,11,45,29,268,28,6,4,11,1,36,18276,214,12646
강남구,대치4동,1123063,16887,7821,2426,1984,2124,718,171,30,1,5,5,11,2,5,39,21,104,17,4,2,5,1,21,7696,125,9066
강남구,역삼1동,1123064,31231,12405,3789,3408,3272,1103,297,43,3,6,7,7,1,9,50,30,148,38,5,1,6,0,23,12246,159,18826
강남구,역삼2동,1123065,26637,13838,4927,3050,4016,1139,213,34,2,10,3,1,6,10,37,33,170,34,6,0,6,0,7,13704,134,12799
강남구,도곡1동,1123066,17463,10299,3806,2076,2920,878,204,24,6,11,8,10,6,7,34,15,111,19,4,0,7,1,18,10165,134,7164
강남구,도곡2동,1123067,26155,15052,7101,2247,4099,866,253,22,3,9,3,6,0,7,35,13,167,18,2,1,6,3,34,14895,157,11103
강남구,개포1동,1123068,17652,10695,4144,2222,2801,772,267,40,5,4,2,1,8,7,51,22,113,20,7,1,2,1,17,10507,188,6957
강남구,개포2동,1123080,19426,11490,4020,2704,3160,952,234,22,3,7,4,2,7,5,28,32,114,33,7,0,11,1,7,11353,137,7936
강남구,개포4동,1123071,16190,8552,2726,2180,2357,694,209,38,4,4,1,2,1,6,24,20,125,19,4,0,4,0,12,8430,122,7638
강남구,일원본동,1123072,18300,11854,3890,2716,3469,1105,202,24,4,8,3,4,3,4,28,23,171,15,4,0,7,2,11,11693,161,6446
강남구,일원1동,1123073,14233,8281,2774,2050,2059,618,293,42,3,10,5,4,5,11,47,16,80,19,3,4,8,4,18,8073,208,5952
강남구,일원2동,1123074,13325,8487,2974,2041,2175,677,225,36,4,10,4,1,4,10,27,12,81,19,4,1,2,5,16,8328,159,4838
강남구,수서동,1123075,13814,8344,3160,1915,1957,548,292,42,4,3,1,6,4,8,48,15,65,9,6,1,4,3,18,8109,235,5470
강남구,세곡동,1123076,31159,19310,5678,5364,5367,1614,539,64,10,14,5,7,7,6,91,40,170,33,7,3,5,3,14,19041,269,11849
송파구,풍납1동,1124051,14664,8001,2713,2055,2196,483,151,38,5,7,8,8,2,2,29,15,51,27,3,0,6,2,14,7815,186,6663
송파구,풍납2동,1124052,20395,12220,3639,3221,3578,1043,223,39,4,6,5,3,2,8,45,21,123,29,6,2,2,2,24,12025,195,8175
송파구,거여1동,1124053,11839,7166,2527,1641,2024,379,248,31,4,10,2,3,1,5,49,13,41,17,4,1,2,4,18,7024,142,4673
송파구,거여2동,1124054,17544,10599,3429,2655,2913,718,259,56,4,16,8,5,8,9,63,18,65,39,5,0,10,4,25,10309,290,6945
송파구,마천1동,1124055,18273,10131,3295,2428,2848,582,384,67,11,10,8,5,3,9,80,24,60,18,5,1,4,6,27,9875,256,8142
송파구,마천2동,1124056,17553,9699,3051,2489,2725,486,365,64,5,8,4,1,3,6,70,13,46,17,5,0,2,3,21,9384,315,7854
송파구,방이1동,1124057,12691,7750,2553,1837,2216,607,200,28,4,7,3,2,1,3,32,19,74,27,3,1,6,3,5,7631,119,4941
송파구,방이2동,1124058,21190,11093,3112,3126,3082,905,329,63,4,8,3,3,3,0,48,21,116,30,2,1,7,3,20,10886,207,10097
송파구,오륜동,1124059,14599,9835,3783,1824,2916,731,183,19,5,7,4,3,2,7,30,17,150,21,3,3,5,0,7,9720,115,4764
송파구,오금동,1124060,29624,17663,5819,4108,5110,1260,532,75,6,11,9,6,6,16,79,29,176,51,3,5,13,4,25,17343,320,11961
송파구,송파1동,1124061,21993,12216,3469,3436,3483,967,298,45,7,12,4,4,2,10,56,32,117,33,11,0,2,2,16,12006,210,9777
송파구,송파2동,1124062,17044,10675,3595,2471,3240,762,221,27,1,10,0,4,4,7,43,21,110,22,7,0,7,1,12,10565,110,6369
송파구,석촌동,1124063,28411,14491,3770,4126,4265,1158,446,86,8,7,7,5,4,17,67,31,109,45,8,3,9,3,47,14221,270,13920
송파구,삼전동,1124064,27891,14494,3661,4378,4168,1111,460,82,2,8,8,3,5,14,86,39,127,38,8,1,3,4,38,14244,250,13397
송파구,가락본동,1124065,22648,13081,4002,3318,3998,908,289,44,6,11,5,7,5,9,51,23,117,28,10,1,9,4,18,12863,218,9567
송파구,가락1동,1124066,803,379,121,99,129,15,0,2,0,0,1,0,0,1,1,0,3,0,0,0,0,0,0,372,7,424
송파구,가락2동,1124067,26435,17127,5265,4319,5202,1261,354,61,5,9,5,5,7,18,71,43,145,35,10,1,11,2,25,16854,273,9308
송파구,문정1동,1124068,17615,10714,3565,2627,3050,727,275,35,7,8,1,0,5,11,62,13,101,17,5,1,8,4,15,10537,177,6901
송파구,문정2동,1124069,15579,9517,3721,1854,2775,651,164,19,3,4,2,2,5,4,24,19,107,14,4,1,9,0,19,9401,116,6062
송파구,장지동,1124081,27318,16603,4600,4344,4995,1230,613,76,8,19,2,3,6,8,119,30,111,63,11,0,14,2,19,16273,330,10715
송파구,잠실본동,1124071,24671,12538,3297,3637,3510,1013,424,69,8,6,4,5,4,11,61,28,124,38,6,1,4,0,38,12288,250,12133
송파구,잠실2동,1124079,25758,15969,5157,3864,4916,1352,185,38,2,8,4,2,5,7,35,17,168,30,4,0,6,1,25,15826,143,9789
송파구,잠실3동,1124080,27710,17981,7078,3580,5117,1284,289,57,5,11,3,3,1,9,53,13,190,30,11,0,4,0,40,17778,203,9729
송파구,잠실4동,1124075,23128,15521,5383,3670,4496,1264,195,25,1,7,6,3,3,8,39,25,173,32,2,1,5,1,8,15347,174,7607
송파구,잠실6동,1124077,13983,8794,3499,1777,2386,705,138,15,2,6,2,2,3,4,19,8,86,16,1,3,4,1,6,8683,111,5189
송파구,잠실7동,1124078,8281,5445,2505,864,1448,333,82,7,0,0,2,1,1,1,13,7,86,12,1,0,2,0,11,5376,69,2836
송파구,위례동,1124082,8596,5640,1306,1693,1810,502,113,24,2,6,4,1,0,7,21,9,48,18,2,0,1,1,4,5572,68,2956
강동구,강일동,1125051,24322,15290,4252,4143,4360,1313,510,74,4,10,12,4,3,11,108,30,126,36,12,2,5,2,15,15032,258,9032
강동구,상일동,1125052,16659,9984,3419,2462,2722,706,238,45,2,8,2,5,4,4,51,23,80,27,2,0,5,6,11,9822,162,6675
강동구,명일제1동,1125053,18055,11705,4080,2737,3056,799,525,45,2,11,5,3,6,3,109,18,84,28,5,0,5,1,19,11541,164,6350
강동구,명일제2동,1125054,14043,9719,3401,2111,2851,718,263,29,3,13,2,1,1,3,61,23,76,22,4,0,2,2,18,9604,115,4324
강동구,고덕제1동,1125055,12182,7747,2452,1952,2245,592,171,25,2,2,3,1,3,5,44,19,54,19,4,2,4,2,12,7613,134,4435
강동구,고덕제2동,1125056,7445,3996,1408,915,1052,212,163,22,1,2,3,1,2,7,29,10,20,10,6,1,1,1,9,3875,121,3449
강동구,암사제1동,1125072,29856,16072,5027,4331,4458,981,433,109,8,10,7,3,4,14,104,31,103,38,4,1,5,4,25,15700,372,13784
강동구,암사제2동,1125058,12759,8076,2414,2216,2315,678,157,26,5,3,1,5,2,2,26,8,60,14,1,1,0,0,15,7949,127,4683
강동구,암사제3동,1125059,14555,9905,3272,2452,2814,784,231,35,4,3,2,1,2,5,42,13,82,18,4,0,11,2,8,9785,120,4650
강동구,천호제1동,1125061,24141,13059,4419,3107,3639,779,410,68,7,11,6,2,6,6,85,27,78,28,14,0,7,6,28,12733,326,11082
강동구,천호제2동,1125073,30117,15303,4946,3862,4368,940,362,107,7,5,6,4,5,7,77,29,112,34,6,3,8,6,38,14932,371,14814
강동구,천호제3동,1125063,21458,11375,3744,2733,3326,731,271,65,5,12,5,4,8,4,58,25,58,30,6,1,10,5,17,11118,257,10083
강동구,성내제1동,1125065,15305,9295,2860,2375,2743,751,207,43,3,6,3,6,1,7,28,15,66,21,3,0,1,3,19,9161,134,6010
강동구,성내제2동,1125066,21493,11785,3563,3048,3543,822,218,71,5,11,7,1,2,7,51,22,83,30,5,1,5,4,20,11519,266,9708
강동구,성내제3동,1125067,20284,11526,3345,2882,3539,847,344,50,5,14,2,3,4,7,64,25,84,32,5,2,6,5,27,11292,234,8758
강동구,길동,1125074,41752,23097,7424,5860,6563,1527,654,104,10,12,8,17,4,18,143,51,158,68,12,3,12,7,38,22693,404,18655
강동구,둔촌제1동,1125070,15188,10008,3277,2110,3230,853,191,12,3,1,3,3,2,4,33,16,109,29,1,2,3,1,14,9897,111,5180
강동구,둔촌제2동,1125071,22666,13650,4461,3223,4067,974,323,51,8,21,5,4,2,9,56,24,101,32,8,1,5,3,26,13404,246,9016
