SGG_NM,ADM_NMm,ADM_CD,관내외,선거인수,투표수,박원순,김문수,안철수,김종민,김진숙,인지연,신지예,우인철,최태현,무효
종로구,청운효자동,1101072,관내,9719,6057,3025,1420,1167,116,21,25,188,16,2,77
종로구,사직동,1101053,관내,8106,4972,2097,1453,1116,92,19,10,128,8,3,46
종로구,삼청동,1101054,관내,2307,1284,583,376,249,19,1,3,39,2,2,10
종로구,부암동,1101055,관내,7997,4780,2277,1255,915,88,24,18,126,9,1,67
종로구,평창동,1101056,관내,15012,8820,3702,2814,1785,157,28,26,206,19,5,78
종로구,무악동,1101057,관내,6306,4086,2005,917,921,90,13,7,66,12,5,50
종로구,교남동,1101058,관내,8372,5338,2540,1177,1281,111,25,10,117,12,4,61
종로구,가회동,1101060,관내,3787,2300,1137,594,395,59,5,5,63,7,2,33
종로구,종로1·2·3·4가동,1101061,관내,6385,2710,1207,811,520,45,11,9,51,6,5,45
종로구,종로5·6가동,1101063,관내,4492,2161,1029,565,442,23,12,4,36,6,1,43
종로구,이화동,1101064,관내,6951,3936,2154,777,725,67,23,12,97,11,4,66
종로구,혜화동,1101073,관내,14258,8882,4699,1751,1677,169,50,23,344,27,2,140
종로구,창신1동,1101067,관내,4732,2416,1326,516,436,27,15,16,30,7,3,40
종로구,창신2동,1101068,관내,8026,4223,2479,754,760,54,20,11,38,13,4,90
종로구,창신3동,1101069,관내,5999,3507,1903,739,667,72,16,5,48,9,2,46
종로구,숭인1동,1101070,관내,5419,2870,1553,578,588,32,11,11,37,8,1,51
종로구,숭인2동,1101071,관내,8434,4180,2407,825,727,55,23,11,62,5,4,61
중구,소공동,1102052,관내,1639,879,408,233,194,13,1,3,20,2,0,5
중구,회현동,1102054,관내,4773,2179,849,742,464,23,8,10,31,4,4,44
중구,명동,1102055,관내,2274,1093,469,365,203,16,5,2,19,1,1,12
중구,필동,1102057,관내,3528,2031,941,564,407,36,11,12,28,4,3,25
중구,장충동,1102058,관내,3944,2130,1118,478,389,37,12,10,50,9,2,25
중구,광희동,1102059,관내,4150,2006,864,633,397,38,10,5,31,1,3,24
중구,을지로동,1102060,관내,1460,694,278,240,143,8,1,4,6,4,1,9
중구,신당동,1102069,관내,6854,3346,1729,847,571,51,28,6,39,11,6,58
중구,다산동,1102070,관내,11845,6558,3453,1535,1145,106,26,22,117,15,12,127
중구,약수동,1102071,관내,14700,8899,4402,2206,1793,136,27,27,127,25,18,138
중구,청구동,1102072,관내,12096,7499,3766,1794,1528,97,35,19,130,12,13,105
중구,신당5동,1102065,관내,7848,4340,2356,986,739,68,15,12,67,6,9,82
중구,동화동,1102073,관내,8918,5553,2768,1363,1155,68,19,13,79,10,5,73
중구,황학동,1102067,관내,10434,5273,2831,1071,1033,94,35,14,85,15,5,90
중구,중림동,1102068,관내,9858,5982,3213,1250,1194,90,25,8,99,11,7,85
용산구,후암동,1103051,관내,14621,8195,4356,1787,1523,174,26,22,159,15,13,120
용산구,용산2가동,1103052,관내,9207,5052,2611,1209,848,107,26,8,144,9,5,85
용산구,남영동,1103053,관내,7221,3384,1773,774,614,62,19,17,65,7,1,52
용산구,청파동,1103071,관내,16209,8360,4169,2094,1451,140,55,20,308,14,9,100
용산구,원효로1동,1103072,관내,11994,7063,3545,1501,1602,132,23,7,155,13,5,80
용산구,원효로2동,1103057,관내,11585,7015,3442,1706,1444,168,24,10,117,21,8,75
용산구,효창동,1103058,관내,7449,4462,2191,1124,886,74,26,9,94,6,5,47
용산구,용문동,1103059,관내,10201,6255,3200,1374,1300,131,22,12,112,15,8,81
용산구,한강로동,1103073,관내,14221,7214,2861,2203,1803,101,18,15,125,13,8,67
용산구,이촌1동,1103063,관내,21506,12948,4324,4641,3413,179,27,22,224,19,8,91
용산구,이촌2동,1103064,관내,7440,4639,2041,1355,1000,76,23,10,60,8,5,61
용산구,이태원1동,1103065,관내,6274,2981,1233,987,593,49,11,7,57,8,2,34
용산구,이태원2동,1103066,관내,8014,4185,2049,1129,744,72,16,13,83,8,4,67
용산구,한남동,1103074,관내,17112,7836,3508,2418,1451,121,32,8,168,12,10,108
용산구,서빙고동,1103069,관내,10196,5871,1965,2193,1416,87,13,12,107,20,6,52
용산구,보광동,1103070,관내,13345,7187,3429,1964,1344,137,22,15,118,14,6,138
성동구,금호1가동,1104059,관내,12039,6974,3659,1573,1395,95,25,15,104,10,3,95
성동구,금호2·3가동,1104072,관내,19438,11079,5862,2484,2203,183,46,13,138,23,8,119
성동구,금호4가동,1104062,관내,12358,7323,3745,1702,1545,106,17,10,82,16,5,95
성동구,옥수동,1104073,관내,21632,12495,5885,3283,2746,204,28,35,189,22,6,97
성동구,응봉동,1104058,관내,12500,7468,3808,1770,1519,120,28,14,108,13,12,76
성동구,성수1가1동,1104065,관내,14127,7759,3944,1935,1466,112,63,14,113,15,6,91
성동구,성수1가2동,1104066,관내,12902,7759,4233,1759,1313,137,30,16,150,20,3,98
성동구,성수2가1동,1104067,관내,15459,8122,4176,2134,1379,138,47,22,103,14,6,103
성동구,성수2가3동,1104068,관내,9747,5510,2843,1378,1018,91,19,11,79,11,4,56
성동구,왕십리도선동,1104071,관내,21959,12650,6550,2719,2659,232,47,26,206,35,5,171
성동구,왕십리2동,1104052,관내,14452,8369,4794,1583,1546,130,34,12,133,29,5,103
성동구,행당1동,1104056,관내,11356,6492,3352,1519,1251,105,29,19,95,18,7,97
성동구,행당2동,1104057,관내,19274,11953,6435,2513,2394,188,40,19,189,19,12,144
성동구,마장동,1104054,관내,19249,11128,6055,2451,1992,164,53,27,165,40,12,169
성동구,사근동,1104055,관내,9475,5112,2707,940,1072,87,31,6,135,17,4,113
성동구,송정동,1104069,관내,9429,4869,2780,1090,750,75,25,14,55,15,4,61
성동구,용답동,1104070,관내,13345,6885,3895,1471,1097,117,42,15,95,12,7,134
광진구,중곡1동,1105055,관내,13316,7028,3990,1588,1062,118,35,8,113,17,5,92
광진구,중곡2동,1105056,관내,18516,9995,5753,2157,1545,162,53,20,156,35,6,108
광진구,중곡3동,1105057,관내,14826,7856,4426,1757,1283,125,26,17,110,14,6,92
광진구,중곡4동,1105058,관내,25662,14468,8044,3359,2299,227,59,40,222,36,14,168
광진구,능동,1105059,관내,9728,5678,3278,1108,976,88,34,3,110,16,1,64
광진구,구의1동,1105060,관내,19039,10217,5809,2048,1722,195,45,19,226,35,9,109
광진구,구의2동,1105061,관내,20264,11057,6334,2448,1718,174,60,22,157,31,7,106
광진구,구의3동,1105062,관내,24496,15282,7706,3592,3207,236,52,25,282,41,9,132
광진구,광장동,1105063,관내,25459,16336,7981,3966,3569,332,35,36,271,30,9,107
광진구,자양1동,1105064,관내,20045,10606,6000,2125,1837,191,46,18,206,35,10,138
광진구,자양2동,1105065,관내,21313,11876,6494,2606,2167,190,51,31,162,42,6,127
광진구,자양3동,1105066,관내,23260,14502,7176,3436,3211,221,56,32,215,27,4,124
광진구,자양4동,1105067,관내,18138,9040,4888,2211,1471,110,48,24,119,21,8,140
광진구,화양동,1105053,관내,19150,9143,5260,1647,1487,172,61,19,323,26,7,141
광진구,군자동,1105054,관내,16897,9199,5186,1964,1441,167,53,19,191,26,8,144
동대문구,용신동,1106081,관내,25811,13134,6969,3122,2332,162,60,41,182,25,15,226
동대문구,제기동,1106082,관내,21371,11521,5754,2983,2144,154,54,42,180,19,11,180
동대문구,청량리동,1106080,관내,18708,10412,4667,2992,2194,122,39,36,133,33,7,189
동대문구,회기동,1106071,관내,9101,5317,2881,1044,981,109,23,8,188,22,3,58
동대문구,휘경1동,1106072,관내,10693,5583,2781,1312,1148,97,29,14,111,22,1,68
동대문구,휘경2동,1106073,관내,19099,11129,5937,2510,2039,185,59,23,211,30,5,130
동대문구,이문1동,1106089,관내,22615,12228,6026,2991,2352,219,77,31,328,34,10,160
동대문구,이문2동,1106090,관내,17252,10216,5284,2342,2034,164,49,20,166,26,7,124
동대문구,전농1동,1106083,관내,23662,12973,6644,3064,2487,205,78,38,176,28,10,243
동대문구,전농2동,1106084,관내,15634,9307,4747,2342,1778,139,33,19,111,19,13,106
동대문구,답십리1동,1106091,관내,19587,11363,6117,2485,2197,178,46,18,158,26,7,131
동대문구,답십리2동,1106086,관내,23230,13467,7058,3289,2428,212,56,30,167,37,15,175
동대문구,장안1동,1106087,관내,31702,17390,9500,4094,3079,227,54,39,173,16,17,191
동대문구,장안2동,1106088,관내,24146,13690,7232,3349,2486,190,58,41,140,25,11,158
중랑구,면목본동,1107071,관내,30368,15171,8518,3498,2410,204,78,33,167,31,10,222
중랑구,면목2동,1107052,관내,21390,10497,5808,2433,1716,138,69,33,114,18,20,148
중랑구,면목3·8동,1107072,관내,21815,10715,5810,2665,1680,121,57,30,139,22,8,183
중랑구,면목4동,1107054,관내,17120,9113,5012,2129,1503,123,52,21,113,22,11,127
중랑구,면목5동,1107055,관내,8504,4191,2480,901,612,47,29,4,47,10,4,57
중랑구,면목7동,1107057,관내,18412,9771,5242,2453,1606,119,34,24,124,20,10,139
중랑구,상봉1동,1107059,관내,19335,11042,5981,2543,1964,151,50,31,147,19,8,148
중랑구,상봉2동,1107060,관내,15910,7989,4477,1770,1351,103,37,25,89,26,6,105
중랑구,중화1동,1107061,관내,16940,9352,5152,2151,1591,129,47,18,135,17,8,104
중랑구,중화2동,1107062,관내,23911,11464,6181,2791,1863,160,59,40,139,27,16,188
중랑구,묵1동,1107064,관내,28247,16628,8920,3859,3069,211,71,34,230,30,11,193
중랑구,묵2동,1107065,관내,16739,9054,5014,2097,1509,121,33,22,120,16,6,116
중랑구,망우본동,1107073,관내,26516,13757,6767,4064,2226,172,70,50,149,22,17,220
중랑구,망우3동,1107068,관내,15639,7910,4258,1980,1261,93,41,21,97,27,11,121
중랑구,신내1동,1107069,관내,30275,18097,9635,4339,3272,223,82,40,227,37,6,236
중랑구,신내2동,1107070,관내,18806,11994,6544,2754,2107,173,45,27,155,23,10,156
성북구,성북동,1108081,관내,14044,7826,4052,1883,1368,127,39,16,222,16,3,100
성북구,삼선동,1108082,관내,21377,11733,6429,2406,2136,198,51,33,284,26,13,157
성북구,동선동,1108083,관내,13133,7339,3963,1397,1309,133,37,14,369,20,3,94
성북구,돈암1동,1108058,관내,13035,7833,4050,1729,1594,135,38,17,161,12,9,88
성북구,돈암2동,1108059,관내,18033,11090,5666,2536,2307,187,26,19,240,28,5,76
성북구,안암동,1108060,관내,13065,7099,3786,1423,1314,142,36,26,231,18,5,118
성북구,보문동,1108061,관내,13668,7313,4045,1411,1431,120,33,17,137,19,6,94
성북구,정릉1동,1108062,관내,14123,8586,4644,1906,1595,154,38,8,122,17,8,94
성북구,정릉2동,1108063,관내,18692,10539,5402,2553,2003,180,49,29,173,24,10,116
성북구,정릉3동,1108064,관내,12542,6485,3267,1609,1183,87,29,16,151,21,4,118
성북구,정릉4동,1108065,관내,21573,12394,6712,2808,2253,210,40,32,167,23,6,143
성북구,길음1동,1108066,관내,26483,17470,9573,3440,3739,250,38,24,231,23,8,144
성북구,길음2동,1108068,관내,9205,4820,2539,1078,959,75,23,13,71,7,4,51
성북구,종암동,1108084,관내,32160,18872,10288,3960,3559,304,73,56,351,54,16,211
성북구,월곡1동,1108071,관내,21639,12713,7233,2394,2410,203,53,26,195,26,11,162
성북구,월곡2동,1108072,관내,16269,9181,4829,2131,1686,162,38,19,162,18,8,128
성북구,장위1동,1108076,관내,17197,8455,4472,1953,1537,142,37,34,120,21,8,131
성북구,장위2동,1108077,관내,14309,6887,3242,2006,1236,121,32,27,85,18,4,116
성북구,장위3동,1108078,관내,9128,4749,2351,1162,1014,72,19,13,43,10,2,63
성북구,석관동,1108085,관내,27402,14665,7506,3702,2638,192,61,41,255,34,28,208
강북구,삼양동,1109069,관내,22521,11054,6176,2278,1984,180,58,19,160,32,12,155
강북구,미아동,1109070,관내,19631,10466,5868,2176,1815,153,49,45,180,35,9,136
강북구,송중동,1109071,관내,24088,12350,6768,2757,2141,165,53,54,177,38,13,184
강북구,송천동,1109072,관내,24887,12932,7147,2832,2251,183,65,37,149,37,12,219
강북구,삼각산동,1109073,관내,24709,15425,9010,2741,2975,227,49,22,220,25,14,142
강북구,번1동,1109060,관내,16537,7921,4140,1853,1452,116,50,34,129,23,3,121
강북구,번2동,1109061,관내,14565,7959,4351,1778,1395,100,27,24,83,24,14,163
강북구,번3동,1109062,관내,15403,8879,4711,1959,1636,117,43,52,93,27,10,231
강북구,수유1동,1109063,관내,18415,9270,4991,2080,1658,171,47,23,124,25,12,139
강북구,수유2동,1109064,관내,18624,10332,5168,2658,1950,146,36,34,161,29,5,145
강북구,수유3동,1109065,관내,20777,10505,5657,2422,1818,153,52,45,155,25,16,162
강북구,우이동,1109074,관내,17799,9171,4575,2419,1689,142,41,26,156,21,9,93
강북구,인수동,1109075,관내,26559,13687,7167,3285,2414,233,71,32,219,35,22,209
도봉구,쌍문1동,1110051,관내,17797,9661,5037,2345,1688,161,66,29,163,21,8,143
도봉구,쌍문2동,1110052,관내,16804,9183,4851,2137,1694,130,62,19,121,21,7,141
도봉구,쌍문3동,1110053,관내,14267,7747,4178,1755,1371,131,36,26,125,23,9,93
도봉구,쌍문4동,1110054,관내,15334,9150,4647,2209,1834,157,38,19,122,25,7,92
도봉구,방학1동,1110055,관내,24126,12727,6361,3223,2517,168,60,37,156,22,12,171
도봉구,방학2동,1110056,관내,17995,8820,4645,2155,1532,123,57,30,102,31,6,139
도봉구,방학3동,1110057,관내,23303,14280,7529,3394,2702,233,48,28,169,37,10,130
도봉구,창1동,1110059,관내,21254,12594,6912,2700,2327,200,59,32,185,22,4,153
도봉구,창2동,1110060,관내,25413,13748,7613,2901,2495,246,54,38,181,35,17,168
도봉구,창3동,1110061,관내,12250,6342,3385,1448,1144,112,32,11,92,19,3,96
도봉구,창4동,1110062,관내,22183,14190,7763,2817,2984,188,52,29,203,32,8,114
도봉구,창5동,1110063,관내,21062,13012,6447,3087,2811,203,44,33,205,37,3,142
도봉구,도봉1동,1110064,관내,19844,10847,5338,2855,2002,162,63,38,127,29,14,219
도봉구,도봉2동,1110065,관내,23418,13767,7002,3396,2731,189,57,36,169,31,13,143
노원구,월계1동,1111051,관내,19471,11065,5638,2542,2313,159,92,31,145,17,8,120
노원구,월계2동,1111052,관내,21432,11969,6070,2888,2314,162,131,44,143,32,16,169
노원구,월계3동,1111053,관내,25625,15514,8162,3559,2986,227,135,35,162,33,14,201
노원구,공릉1동,1111079,관내,31938,17946,9841,3666,3352,302,99,43,364,42,12,225
노원구,공릉2동,1111056,관내,30862,18929,10129,3887,3782,321,85,33,405,51,19,217
노원구,하계1동,1111058,관내,22720,13363,6791,2659,3037,263,77,26,273,32,16,189
노원구,하계2동,1111059,관내,18097,11380,6385,2034,2422,169,37,23,173,22,13,102
노원구,중계본동,1111060,관내,19372,11682,6213,2022,2760,221,45,21,227,33,9,131
노원구,중계1동,1111061,관내,19495,12475,6935,1977,2899,269,38,18,198,21,5,115
노원구,중계2·3동,1111078,관내,30377,18032,9945,3549,3579,267,74,46,229,51,17,275
노원구,중계4동,1111064,관내,16997,10093,5352,2018,2157,180,51,22,134,16,13,150
노원구,상계1동,1111065,관내,32709,19188,9512,3708,4975,334,86,42,266,31,13,221
노원구,상계2동,1111066,관내,17411,9754,4914,1891,2422,142,33,22,175,40,6,109
노원구,상계3·4동,1111076,관내,22065,11892,5803,2668,2708,154,56,29,155,47,14,258
노원구,상계5동,1111069,관내,21587,11863,5872,2488,2758,182,77,34,175,70,12,195
노원구,상계6·7동,1111077,관내,27367,16564,8884,3242,3562,303,77,30,261,42,11,152
노원구,상계8동,1111072,관내,17704,11680,6583,1807,2737,222,38,17,153,24,8,91
노원구,상계9동,1111073,관내,17273,10978,5615,2090,2746,194,37,20,132,23,10,111
노원구,상계10동,1111074,관내,13937,8708,4531,1623,2091,152,45,18,158,11,3,76
은평구,녹번동,1112051,관내,26430,14069,7325,3186,2747,243,80,29,216,40,17,186
은평구,응암1동,1112059,관내,20061,10906,6052,2277,1998,173,67,22,175,25,4,113
은평구,응암2동,1112060,관내,15814,8878,4866,1774,1823,143,26,17,114,16,3,96
은평구,응암3동,1112073,관내,22339,11576,6465,2505,2003,165,53,24,165,27,12,157
은평구,역촌동,1112074,관내,39884,21176,12009,4294,3605,370,109,55,413,48,18,255
은평구,신사1동,1112065,관내,22625,12593,7194,2516,2213,226,57,28,206,25,11,117
은평구,신사2동,1112066,관내,17107,9242,4949,1950,1781,179,46,20,177,20,7,113
은평구,증산동,1112067,관내,13463,7726,4057,1817,1430,137,25,23,140,18,3,76
은평구,수색동,1112068,관내,10226,5783,2801,1438,1240,89,17,13,78,12,8,87
은평구,불광1동,1112052,관내,33148,18819,9742,4288,3722,305,85,43,352,40,15,227
은평구,불광2동,1112072,관내,24640,12727,6770,3009,2154,219,60,57,229,25,7,197
은평구,갈현1동,1112055,관내,20372,10629,5608,2491,1931,171,54,25,196,23,8,122
은평구,갈현2동,1112056,관내,24445,12683,6927,2724,2277,210,58,30,289,17,13,138
은평구,구산동,1112057,관내,26606,13880,7563,2976,2479,236,73,24,301,30,20,178
은평구,대조동,1112058,관내,26487,13332,7350,2775,2375,236,70,31,294,30,11,160
은평구,진관동,1112071,관내,40837,25557,14144,5100,5028,436,89,39,454,55,12,200
서대문구,충현동,1113073,관내,14457,7618,3843,1860,1454,105,40,31,155,10,4,116
서대문구,천연동,1113052,관내,15029,9387,4811,2122,1901,179,48,13,184,22,0,107
서대문구,북아현동,1113074,관내,14586,8922,4785,1822,1726,175,54,13,212,25,7,103
서대문구,신촌동,1113075,관내,14889,7263,3697,1457,1280,134,80,19,452,29,5,110
서대문구,연희동,1113076,관내,30761,16833,8532,3986,3059,315,74,37,566,40,13,211
서대문구,홍제1동,1113062,관내,18078,10740,5602,2406,2119,177,55,25,179,25,8,144
서대문구,홍제2동,1113065,관내,12237,7847,4023,1842,1597,113,36,4,132,19,4,77
서대문구,홍제3동,1113064,관내,13489,7861,4185,1664,1544,121,32,19,129,26,7,134
서대문구,홍은1동,1113066,관내,19450,11890,6169,2538,2451,202,59,18,212,35,14,192
서대문구,홍은2동,1113068,관내,22848,12324,6432,2904,2263,180,76,33,248,25,4,159
서대문구,남가좌1동,1113069,관내,13329,8633,4569,1717,1914,175,40,13,106,12,4,83
서대문구,남가좌2동,1113070,관내,17596,10098,5415,2227,1796,147,63,29,230,33,10,148
서대문구,북가좌1동,1113071,관내,15525,9894,5098,2052,2252,166,36,23,162,12,7,86
서대문구,북가좌2동,1113072,관내,27555,15292,8609,3131,2630,261,70,25,280,37,13,236
마포구,공덕동,1114077,관내,31639,17355,8859,3943,3430,336,86,26,406,60,21,188
마포구,아현동,1114078,관내,19883,12026,5973,2687,2742,204,43,18,224,23,7,105
마포구,도화동,1114075,관내,18309,11361,5628,2827,2313,198,34,21,210,21,5,104
마포구,용강동,1114059,관내,16737,10604,5407,2421,2281,169,37,23,152,16,7,91
마포구,대흥동,1114060,관내,9964,5053,2636,1046,889,103,38,12,233,22,7,67
마포구,염리동,1114061,관내,8463,4900,2472,1147,976,91,15,17,103,10,9,60
마포구,신수동,1114063,관내,16611,9952,5040,2235,2018,220,45,18,230,30,6,110
마포구,서강동,1114076,관내,19962,11804,6056,2516,2339,267,51,19,403,22,10,121
마포구,서교동,1114066,관내,20453,10935,5904,2229,1869,258,66,23,470,24,8,84
마포구,합정동,1114068,관내,15963,9255,5066,1849,1600,206,48,30,350,23,6,77
마포구,망원1동,1114069,관내,17606,10181,5678,1976,1655,275,61,25,364,24,13,110
마포구,망원2동,1114070,관내,15505,9349,5271,1851,1563,224,44,29,233,23,12,99
마포구,연남동,1114071,관내,14660,8258,4621,1631,1297,210,45,20,319,31,4,80
마포구,성산1동,1114072,관내,15888,8731,5098,1647,1272,216,51,10,324,36,8,69
마포구,성산2동,1114073,관내,31220,19081,10281,3843,3670,410,93,37,452,41,18,236
마포구,상암동,1114074,관내,23856,15029,7928,2921,3227,378,64,22,295,19,11,164
양천구,목1동,1115051,관내,22744,14349,6930,3514,3236,246,43,32,227,23,7,91
양천구,목2동,1115052,관내,25091,14846,8207,3057,2761,267,72,29,247,36,15,155
양천구,목3동,1115053,관내,17617,9674,5088,2327,1745,160,44,12,158,25,4,111
양천구,목4동,1115054,관내,20969,12156,6731,2552,2264,205,58,25,186,33,7,95
양천구,목5동,1115071,관내,29999,19864,8608,5496,4822,350,49,28,324,40,7,140
양천구,신월1동,1115057,관내,18503,9435,5211,2189,1556,143,44,24,105,18,14,131
양천구,신월2동,1115058,관내,17944,10336,5480,2456,1909,133,52,19,126,15,9,137
양천구,신월3동,1115059,관내,13673,6679,3611,1601,1101,91,33,29,69,19,13,112
양천구,신월4동,1115060,관내,15094,8929,5001,1937,1579,126,43,21,80,23,6,113
양천구,신월5동,1115061,관내,12901,7426,4184,1664,1206,120,44,13,76,22,8,89
양천구,신월6동,1115062,관내,6190,4006,2217,877,724,67,19,11,44,6,5,36
양천구,신월7동,1115063,관내,18512,10595,5571,2435,2009,166,62,21,123,25,19,164
양천구,신정1동,1115064,관내,15254,9878,4567,2629,2220,162,25,19,164,21,2,69
양천구,신정2동,1115065,관내,15867,9869,5269,2059,2015,173,36,25,170,17,5,100
양천구,신정3동,1115066,관내,35708,21047,11436,4478,4081,369,96,57,273,39,17,201
양천구,신정4동,1115072,관내,28952,15831,8961,3400,2632,235,69,36,245,45,13,195
양천구,신정6동,1115069,관내,18063,12219,5606,3166,2863,233,30,14,202,17,3,85
양천구,신정7동,1115070,관내,23078,14449,7144,3580,2991,235,50,43,209,29,11,157
강서구,염창동,1116051,관내,30289,19787,11265,3884,3664,358,85,37,302,49,8,135
강서구,등촌1동,1116052,관내,18743,10762,6037,2217,1886,233,73,13,181,22,5,95
강서구,등촌2동,1116053,관내,17524,10371,5431,2455,1970,173,41,28,161,20,8,84
강서구,등촌3동,1116054,관내,27540,16604,8632,3833,3120,245,120,51,225,39,23,316
강서구,화곡본동,1116055,관내,28137,14161,8237,2775,2290,320,98,44,213,24,8,152
강서구,화곡1동,1116073,관내,44209,21822,12612,4463,3527,425,123,57,309,42,23,241
강서구,화곡2동,1116057,관내,15668,8001,4738,1594,1255,132,44,14,122,17,7,78
강서구,화곡3동,1116058,관내,18314,10833,5363,2749,2203,182,55,14,131,20,10,106
강서구,화곡4동,1116059,관내,18704,9438,5382,2019,1533,154,48,22,144,28,11,97
강서구,화곡6동,1116061,관내,20396,11444,5761,2966,2110,225,60,33,150,18,7,114
강서구,화곡8동,1116063,관내,22293,12205,7323,2334,1901,212,67,18,166,32,22,130
강서구,우장산동,1116074,관내,33242,20221,10607,4550,4066,352,81,62,288,29,15,171
강서구,가양1동,1116064,관내,25916,14172,7855,2841,2730,265,64,26,254,30,5,102
강서구,가양2동,1116065,관내,14141,8229,4055,2143,1496,134,63,24,125,25,11,153
강서구,가양3동,1116066,관내,14117,8399,4603,1935,1407,137,39,26,93,15,9,135
강서구,발산1동,1116067,관내,27972,17389,10176,3165,3110,307,97,44,259,44,13,174
강서구,공항동,1116069,관내,21670,11288,6297,2503,1958,143,46,24,144,29,10,134
강서구,방화1동,1116070,관내,35020,21004,11472,4867,3775,334,59,30,208,52,10,197
강서구,방화2동,1116071,관내,20074,10623,5303,2939,1867,134,50,28,124,36,11,131
강서구,방화3동,1116072,관내,20582,12400,6384,3192,2194,196,56,26,159,21,14,158
구로구,신도림동,1117051,관내,28256,18615,9443,4102,4236,309,63,22,260,40,12,128
구로구,구로1동,1117052,관내,16458,10894,6085,2159,2143,209,44,14,128,27,4,81
구로구,구로2동,1117071,관내,23859,11005,5992,2703,1779,123,44,22,109,21,11,201
구로구,구로3동,1117054,관내,21679,12404,7777,1981,2013,213,51,28,159,36,6,140
구로구,구로4동,1117055,관내,19149,9589,5383,2035,1673,125,51,22,106,24,21,149
구로구,구로5동,1117056,관내,25677,14608,8037,2989,2819,221,66,34,219,35,7,181
구로구,가리봉동,1117070,관내,9145,3320,1777,819,536,51,30,15,21,14,4,53
구로구,고척1동,1117061,관내,19657,11621,6035,2979,2040,172,72,22,145,23,8,125
구로구,고척2동,1117062,관내,23011,13072,6693,3238,2446,190,95,25,175,24,12,174
구로구,개봉1동,1117072,관내,27421,15420,7799,4019,2836,220,107,29,179,31,14,186
구로구,개봉2동,1117064,관내,27223,17134,9028,4188,3180,220,59,45,185,36,17,176
구로구,개봉3동,1117065,관내,17431,9682,5329,2319,1609,122,46,17,101,26,11,102
구로구,오류1동,1117067,관내,18540,10612,5465,2938,1599,184,45,31,172,35,12,131
구로구,오류2동,1117068,관내,33242,20152,10538,5212,3343,397,97,42,240,45,20,218
구로구,수궁동,1117069,관내,20107,12452,5804,4224,1837,192,51,27,151,21,11,134
금천구,가산동,1118051,관내,17980,9236,5586,1605,1513,135,49,21,164,24,6,133
금천구,독산1동,1118052,관내,29682,16323,9020,3296,3190,227,81,38,219,22,9,221
금천구,독산2동,1118053,관내,16819,8066,4430,1873,1357,93,53,35,94,20,6,105
금천구,독산3동,1118054,관내,22700,11138,6309,2539,1813,116,56,20,113,21,6,145
금천구,독산4동,1118055,관내,14890,7781,4303,1773,1314,94,44,17,92,16,5,123
금천구,시흥1동,1118057,관내,28541,14881,7798,3428,2961,171,76,41,181,33,14,178
금천구,시흥2동,1118058,관내,18375,11713,6159,2595,2351,154,69,37,149,22,19,158
금천구,시흥3동,1118059,관내,9773,5715,2962,1438,1035,73,33,10,67,11,9,77
금천구,시흥4동,1118060,관내,18239,9970,5356,2436,1660,127,73,32,116,20,11,139
금천구,시흥5동,1118061,관내,17313,9671,5029,2386,1675,127,78,57,107,17,21,174
영등포구,영등포본동,1119073,관내,18757,10778,5587,2653,2002,160,63,24,132,27,10,120
영등포구,영등포동,1119074,관내,20164,9796,5088,2239,1931,147,53,22,179,19,10,108
영등포구,여의동,1119054,관내,26254,15935,5186,6315,3791,199,36,34,236,22,6,110
영등포구,당산1동,1119055,관내,16969,9890,5127,2291,1922,164,47,37,169,21,7,105
영등포구,당산2동,1119056,관내,28156,17215,8719,3834,3749,289,78,25,355,34,5,127
영등포구,도림동,1119075,관내,16484,8895,4844,1948,1607,141,59,12,103,23,16,142
영등포구,문래동,1119076,관내,24077,15864,8262,3702,3182,247,72,23,237,21,7,111
영등포구,양평1동,1119061,관내,14008,8505,4673,1742,1619,160,40,12,130,17,4,108
영등포구,양평2동,1119062,관내,17615,11015,6284,2138,2012,220,43,9,200,15,2,92
영등포구,신길1동,1119063,관내,14887,7692,3982,1888,1380,106,44,12,115,29,9,127
영등포구,신길3동,1119065,관내,13112,7239,3636,1909,1294,106,47,23,77,19,12,116
영등포구,신길4동,1119066,관내,8200,4401,2208,1182,759,71,33,10,59,14,10,55
영등포구,신길5동,1119067,관내,8894,4569,2356,1208,771,62,29,9,53,4,8,69
영등포구,신길6동,1119068,관내,15343,8813,4582,2137,1626,138,51,23,118,23,7,108
영등포구,신길7동,1119069,관내,12453,7605,3494,1972,1754,113,37,14,128,21,4,68
영등포구,대림1동,1119070,관내,11955,6133,3213,1540,1025,83,27,24,68,18,6,129
영등포구,대림2동,1119071,관내,12794,5792,3049,1364,1052,91,31,19,68,9,5,104
영등포구,대림3동,1119072,관내,21102,11861,6355,2808,2055,171,74,55,145,29,8,161
동작구,노량진1동,1120072,관내,25110,15279,7552,3626,3285,265,73,24,225,22,11,196
동작구,노량진2동,1120052,관내,12415,6925,3585,1679,1270,113,41,17,99,22,5,94
동작구,상도1동,1120053,관내,36679,22012,11329,4994,4379,398,80,29,463,66,12,262
동작구,상도2동,1120054,관내,21226,12717,6656,2760,2694,191,52,22,191,16,6,129
동작구,상도3동,1120055,관내,21599,12741,7347,2524,2187,209,55,11,198,43,15,152
동작구,상도4동,1120056,관내,22736,12207,6864,2490,2228,182,65,41,167,24,9,137
동작구,흑석동,1120071,관내,23920,14058,6705,3705,2888,247,45,21,239,43,7,158
동작구,사당1동,1120063,관내,19559,11000,6320,2190,1898,193,45,27,184,32,7,104
동작구,사당2동,1120073,관내,23021,14129,7046,3576,2796,269,34,30,195,26,8,149
동작구,사당3동,1120065,관내,19574,12258,6181,3019,2528,176,30,17,169,22,11,105
동작구,사당4동,1120066,관내,12236,7589,4286,1607,1318,100,34,9,109,16,9,101
동작구,사당5동,1120067,관내,10452,6335,3528,1327,1146,97,23,16,86,31,2,79
동작구,대방동,1120068,관내,29604,17755,9315,3827,3645,274,90,41,302,43,12,206
동작구,신대방1동,1120069,관내,19235,11496,6102,2589,2265,171,41,20,178,22,7,101
동작구,신대방2동,1120070,관내,15673,9260,5002,2022,1759,132,38,14,165,27,11,90
관악구,보라매동,1121052,관내,20811,11639,6531,2286,2161,202,71,24,189,22,7,146
관악구,은천동,1121078,관내,28293,16857,9659,3182,3042,336,76,30,270,26,7,229
관악구,성현동,1121079,관내,25512,15859,8730,3120,3221,268,59,25,208,28,12,188
관악구,중앙동,1121061,관내,13074,7094,4297,1041,1253,138,46,25,186,23,7,78
관악구,청림동,1121054,관내,13120,8600,4694,1714,1745,151,17,14,128,11,8,118
관악구,행운동,1121057,관내,24913,14456,8382,2414,2731,266,76,31,333,50,7,166
관악구,청룡동,1121080,관내,23955,13094,7670,2185,2298,209,84,33,395,46,9,165
관악구,낙성대동,1121058,관내,14231,8267,4765,1258,1575,178,60,14,286,26,4,101
관악구,인헌동,1121062,관내,22626,13446,7940,2318,2354,230,75,31,300,34,5,159
관악구,남현동,1121063,관내,15592,9074,4942,1944,1668,160,42,21,186,33,5,73
관악구,신림동,1121069,관내,18880,9042,5693,1236,1436,162,108,17,246,22,4,118
관악구,신사동,1121068,관내,20276,10363,5915,1974,1862,170,62,23,203,28,9,117
관악구,조원동,1121072,관내,15638,8144,4372,1695,1573,133,38,28,154,18,9,124
관악구,미성동,1121083,관내,26677,14945,7931,3439,2805,201,77,33,211,27,19,202
관악구,난곡동,1121081,관내,23975,12649,6930,2583,2414,198,70,38,162,35,15,204
관악구,난향동,1121071,관내,12943,7743,4342,1507,1552,111,49,13,79,7,4,79
관악구,서원동,1121064,관내,19913,10242,5914,1822,1818,189,84,24,214,24,9,144
관악구,신원동,1121065,관내,16287,8678,4927,1683,1548,136,52,23,152,24,16,117
관악구,서림동,1121066,관내,20201,10823,5954,1997,2154,198,73,29,230,37,9,142
관악구,삼성동,1121082,관내,21972,13019,6938,2731,2558,219,60,47,171,29,19,247
관악구,대학동,1121073,관내,20372,10954,6204,1851,2158,204,69,20,286,38,5,119
서초구,서초1동,1122051,관내,16567,9825,4178,3106,2130,123,29,32,133,24,3,67
서초구,서초2동,1122052,관내,13608,8056,3229,2556,1915,101,20,13,137,14,3,68
서초구,서초3동,1122053,관내,24225,14202,5640,4824,3136,149,37,38,227,49,8,94
서초구,서초4동,1122054,관내,22748,14091,4469,5381,3702,146,26,14,211,23,4,115
서초구,잠원동,1122055,관내,26682,15956,6015,5213,4051,209,25,26,250,32,6,129
서초구,반포본동,1122056,관내,9350,6152,2105,2335,1421,90,17,18,105,9,1,51
서초구,반포1동,1122057,관내,21859,11565,4845,3585,2631,147,24,37,173,18,3,102
서초구,반포2동,1122058,관내,17190,11218,3406,4297,3061,155,20,11,175,19,8,66
서초구,반포3동,1122059,관내,13700,8606,2839,3222,2179,141,20,7,116,13,5,64
서초구,반포4동,1122060,관내,14764,8724,3386,2923,2050,104,20,11,142,17,2,69
서초구,방배본동,1122061,관내,16074,9906,3968,3301,2212,117,26,15,166,16,2,83
서초구,방배1동,1122062,관내,13547,8194,3740,2469,1630,90,32,14,143,16,4,56
서초구,방배2동,1122063,관내,21060,12965,6011,3691,2659,170,33,22,208,28,4,139
서초구,방배3동,1122064,관내,17190,10467,4064,3497,2440,124,35,27,171,17,2,90
서초구,방배4동,1122065,관내,19847,12144,5550,3518,2501,164,40,25,220,24,5,97
서초구,양재1동,1122066,관내,34248,21053,10354,5526,4236,292,73,60,272,42,11,187
서초구,양재2동,1122067,관내,19173,11189,6304,2465,1871,180,43,26,179,23,7,91
서초구,내곡동,1122068,관내,13987,8658,3900,2576,1802,129,19,20,115,16,7,74
강남구,신사동,1123051,관내,14215,7687,2383,3399,1590,79,17,15,132,8,1,63
강남구,논현1동,1123052,관내,20426,8490,4115,2472,1466,134,30,18,154,20,4,77
강남구,논현2동,1123053,관내,18211,8577,3476,2957,1750,127,24,22,140,21,5,55
강남구,압구정동,1123077,관내,21598,12213,2533,6328,2941,91,13,45,179,10,2,71
강남구,청담동,1123078,관내,23476,12086,3955,4747,2918,126,36,22,166,21,7,88
강남구,삼성1동,1123058,관내,11716,6466,2302,2388,1521,84,17,18,72,11,3,50
강남구,삼성2동,1123059,관내,22448,12032,4871,3894,2692,175,25,30,235,22,4,84
강남구,대치1동,1123060,관내,17166,11009,3111,4327,3196,97,15,13,173,12,4,61
강남구,대치2동,1123079,관내,30300,18562,5981,7033,4757,256,52,36,301,23,7,116
강남구,대치4동,1123063,관내,16554,7951,3913,2038,1572,134,29,19,164,11,4,67
강남구,역삼1동,1123064,관내,30384,12289,6133,3184,2292,221,47,21,246,44,11,90
강남구,역삼2동,1123065,관내,26893,14815,6206,4473,3458,242,27,33,250,31,3,92
강남구,도곡1동,1123066,관내,17436,10846,4261,3583,2484,157,35,17,202,17,4,86
강남구,도곡2동,1123067,관내,25498,15031,4065,6491,3912,145,28,34,223,22,4,107
강남구,개포1동,1123068,관내,12378,7105,2663,2586,1538,93,14,26,91,16,5,73
강남구,개포2동,1123080,관내,10639,6734,2441,2444,1508,110,22,23,121,10,4,51
강남구,개포4동,1123071,관내,14600,8355,4101,2220,1663,114,27,25,125,13,5,62
강남구,일원본동,1123072,관내,18115,11847,5150,3332,2835,187,32,12,178,15,3,103
강남구,일원1동,1123073,관내,13843,8044,3835,2246,1515,122,36,31,97,31,7,124
강남구,일원2동,1123074,관내,12693,8071,3637,2367,1692,110,28,10,102,15,7,103
강남구,수서동,1123075,관내,14488,8877,3864,2785,1747,114,35,19,121,27,9,156
강남구,세곡동,1123076,관내,32279,19539,9905,4790,4011,310,51,42,225,39,8,158
송파구,풍납1동,1124051,관내,13376,7543,3933,1894,1323,119,41,15,84,26,12,96
송파구,풍납2동,1124052,관내,19632,12045,6229,2948,2284,187,45,29,162,30,11,120
송파구,거여1동,1124053,관내,10620,6214,3118,1681,1113,77,15,20,80,22,12,76
송파구,거여2동,1124054,관내,14039,8341,4339,2087,1473,135,42,19,86,22,8,130
송파구,마천1동,1124055,관내,17266,9412,4794,2459,1673,151,35,20,118,22,10,130
송파구,마천2동,1124056,관내,16968,9220,4935,2222,1628,105,49,21,89,21,8,142
송파구,방이1동,1124057,관내,12785,8018,3894,2224,1524,109,19,21,126,20,7,74
송파구,방이2동,1124058,관내,20678,11095,6082,2546,1939,180,54,20,144,32,8,90
송파구,오륜동,1124059,관내,14296,9673,3486,3452,2359,113,24,21,153,12,1,52
송파구,오금동,1124060,관내,30500,18084,8692,4853,3707,237,66,21,276,46,8,178
송파구,송파1동,1124061,관내,21476,12370,6727,2817,2204,178,64,34,185,27,8,126
송파구,송파2동,1124062,관내,16576,10925,4918,3158,2373,154,41,10,156,19,5,91
송파구,석촌동,1124063,관내,27705,15507,8663,3409,2710,230,56,27,201,36,21,154
송파구,삼전동,1124064,관내,27039,14696,8313,3157,2524,219,67,39,204,44,7,122
송파구,가락본동,1124065,관내,21818,12364,6118,3104,2551,176,40,43,189,29,4,110
송파구,가락1동,1124066,관내,697,324,185,63,64,3,0,3,2,1,0,3
송파구,가락2동,1124067,관내,25689,16258,8136,4031,3388,217,57,29,232,29,4,135
송파구,문정1동,1124068,관내,17177,10323,4953,2798,2149,134,16,17,152,27,9,68
송파구,문정2동,1124069,관내,23891,14505,6154,4325,3444,185,42,12,199,24,3,117
송파구,장지동,1124081,관내,26805,15984,8673,3506,2973,269,85,34,223,37,17,167
송파구,잠실본동,1124071,관내,23945,13088,7083,2973,2419,211,47,31,179,33,7,105
송파구,잠실2동,1124079,관내,25424,16787,7512,4454,4171,215,36,24,225,29,6,115
송파구,잠실3동,1124080,관내,26950,18055,6565,6315,4474,249,25,41,237,29,8,112
송파구,잠실4동,1124075,관내,22553,15185,6398,4621,3600,199,27,18,208,20,7,87
송파구,잠실6동,1124077,관내,13730,8879,3293,3221,2022,107,23,19,121,13,6,54
송파구,잠실7동,1124078,관내,8441,5796,1644,2466,1445,67,7,14,103,10,2,38
송파구,위례동,1124082,관내,19067,12399,6555,2657,2701,150,67,20,138,23,5,83
강동구,강일동,1125051,관내,23510,14357,7882,3169,2588,259,58,44,181,34,5,137
강동구,상일동,1125052,관내,8435,4826,2279,1476,846,71,18,11,53,10,3,59
강동구,명일1동,1125053,관내,17277,10710,4999,3095,2117,184,31,18,128,22,8,108
강동구,명일2동,1125054,관내,13239,8767,3865,2711,1830,112,34,25,113,14,5,58
강동구,고덕1동,1125055,관내,19509,12477,6361,2955,2632,189,43,29,139,22,7,100
강동구,고덕2동,1125056,관내,6432,3453,1643,1012,610,48,21,7,41,10,9,52
강동구,암사1동,1125072,관내,29726,15637,8388,3877,2688,209,57,39,179,30,16,154
강동구,암사2동,1125058,관내,12274,8032,4246,1878,1519,137,38,19,114,19,3,59
강동구,암사3동,1125059,관내,14445,9602,4762,2542,1882,125,33,25,135,25,5,68
강동구,천호1동,1125061,관내,24186,12816,6645,3426,2117,179,74,28,157,38,10,142
강동구,천호2동,1125073,관내,29963,15158,8057,3883,2468,242,80,38,161,30,16,183
강동구,천호3동,1125063,관내,23106,12180,6188,3137,2260,160,54,30,147,23,9,172
강동구,성내1동,1125065,관내,16387,10061,5361,2387,1841,157,44,13,136,25,11,86
강동구,성내2동,1125066,관내,21426,11555,6196,2832,1917,177,50,41,146,32,5,159
강동구,성내3동,1125067,관내,19536,10987,5866,2666,1916,185,54,37,134,31,9,89
강동구,길동,1125074,관내,39814,21512,11000,5500,3944,320,84,51,295,56,14,248
강동구,둔촌2동,1125071,관내,22657,13144,6658,3429,2482,177,45,25,175,25,10,118
